"Washington, District of Columbia","https://en.wikipedia.org/wiki/Washington,_District_of_Columbia",city
"Washington, Arkansas","https://en.wikipedia.org/wiki/Washington,_Arkansas",city
"Washington, Connecticut","https://en.wikipedia.org/wiki/Washington,_Connecticut",city
"Washington, Georgia","https://en.wikipedia.org/wiki/Washington,_Georgia",city
"Washington, Illinois","https://en.wikipedia.org/wiki/Washington,_Illinois",city
"Washington Park, Illinois","https://en.wikipedia.org/wiki/Washington_Park,_Illinois",village
"Washington, Indiana","https://en.wikipedia.org/wiki/Washington,_Indiana",city
"Washington, Iowa","https://en.wikipedia.org/wiki/Washington,_Iowa",city
"North Washington, Iowa","https://en.wikipedia.org/wiki/North_Washington,_Iowa",city
"Washington, Kansas","https://en.wikipedia.org/wiki/Washington,_Kansas",city
"Washington, Kentucky","https://en.wikipedia.org/wiki/Washington,_Kentucky",village
"Mount Washington, Kentucky","https://en.wikipedia.org/wiki/Mount_Washington,_Kentucky",city
"Washington, Louisiana","https://en.wikipedia.org/wiki/Washington,_Louisiana",town
"Washington, Maine","https://en.wikipedia.org/wiki/Washington,_Maine",town
"Washington, Massachusetts","https://en.wikipedia.org/wiki/Washington,_Massachusetts",town
"Mount Washington, Massachusetts","https://en.wikipedia.org/wiki/Mount_Washington,_Massachusetts",town
"Washington Grove, Maryland","https://en.wikipedia.org/wiki/Washington_Grove,_Maryland",town
"Washington, Michigan","https://en.wikipedia.org/wiki/Washington,_Michigan",town
"Washington, Mississippi","https://en.wikipedia.org/wiki/Washington,_Mississippi",unincorporated community
"Washington, Missouri","https://en.wikipedia.org/wiki/Washington,_Missouri",city
"Washington, Nebraska","https://en.wikipedia.org/wiki/Washington,_Nebraska",village
"Washington, New Hampshire","https://en.wikipedia.org/wiki/Washington,_New_Hampshire",town
"Washington, New Jersey","https://en.wikipedia.org/wiki/Washington,_New_Jersey",borough
"Port Washington North, New York","https://en.wikipedia.org/wiki/Port_Washington_North,_New_York",village
"Washingtonville, New York","https://en.wikipedia.org/wiki/Washingtonville,_New_York",village
"Washington, North Carolina","https://en.wikipedia.org/wiki/Washington,_North_Carolina",city
"Washington Park, North Carolina","https://en.wikipedia.org/wiki/Washington_Park,_North_Carolina",town
"Washington, Ohio","https://en.wikipedia.org/wiki/Washington,_Ohio",city
"Port Washington, Ohio","https://en.wikipedia.org/wiki/Port_Washington,_Ohio",village
"Old Washington, Ohio","https://en.wikipedia.org/wiki/Old_Washington,_Ohio",village
"Washingtonville, Ohio","https://en.wikipedia.org/wiki/Washingtonville,_Ohio",village
"Washington Court House, Ohio","https://en.wikipedia.org/wiki/Washington_Court_House,_Ohio",city
"Washington, Oklahoma","https://en.wikipedia.org/wiki/Washington,_Oklahoma",town
"Washington, Pennsylvania","https://en.wikipedia.org/wiki/Washington,_Pennsylvania",city
"Washingtonville, Pennsylvania","https://en.wikipedia.org/wiki/Washingtonville,_Pennsylvania",borough
"Washington-on-the-Brazos, Texas","https://en.wikipedia.org/wiki/Washington-on-the-Brazos,_Texas",unincorporated community
"Washington, Utah","https://en.wikipedia.org/wiki/Washington,_Utah",city
"Washington Terrace, Utah","https://en.wikipedia.org/wiki/Washington_Terrace,_Utah",city
"Washington, Vermont","https://en.wikipedia.org/wiki/Washington,_Vermont",town
"Washington, Virginia","https://en.wikipedia.org/wiki/Washington,_Virginia",town
"Washington, West Virginia","https://en.wikipedia.org/wiki/Washington,_West_Virginia",CDP
"Port Washington, Wisconsin","https://en.wikipedia.org/wiki/Port_Washington,_Wisconsin",city
"Springfield, Arkansas","https://en.wikipedia.org/wiki/Springfield,_Arkansas",town
"Springfield, Colorado","https://en.wikipedia.org/wiki/Springfield,_Colorado",town
"Springfield, Florida","https://en.wikipedia.org/wiki/Springfield,_Florida",city
"Springfield, Georgia","https://en.wikipedia.org/wiki/Springfield,_Georgia",city
"Springfield, Illinois","https://en.wikipedia.org/wiki/Springfield,_Illinois",city
"Springfield, Kentucky","https://en.wikipedia.org/wiki/Springfield,_Kentucky",city
"Springfield, Louisiana","https://en.wikipedia.org/wiki/Springfield,_Louisiana",town
"Springfield, Maine","https://en.wikipedia.org/wiki/Springfield,_Maine",town
"Springfield, Massachusetts","https://en.wikipedia.org/wiki/Springfield,_Massachusetts",city
"Springfield, Michigan","https://en.wikipedia.org/wiki/Springfield,_Michigan",city
"Springfield, Minnesota","https://en.wikipedia.org/wiki/Springfield,_Minnesota",city
"Springfield, Missouri","https://en.wikipedia.org/wiki/Springfield,_Missouri",city
"Springfield, Nebraska","https://en.wikipedia.org/wiki/Springfield,_Nebraska",city
"Springfield, New Hampshire","https://en.wikipedia.org/wiki/Springfield,_New_Hampshire",town
"Springfield, New York","https://en.wikipedia.org/wiki/Springfield,_New_York",town
"Springfield, New Jersey (Burlington County)","https://en.wikipedia.org/wiki/Springfield_Township,_Burlington_County,_New_Jersey",township
"Springfield, New Jersey (Union County)","https://en.wikipedia.org/wiki/Springfield_Township,_Union_County,_New_Jersey",township
"Springfield, Ohio","https://en.wikipedia.org/wiki/Springfield,_Ohio",city
"Springfield, Oregon","https://en.wikipedia.org/wiki/Springfield,_Oregon",city
"Springfield, South Carolina","https://en.wikipedia.org/wiki/Springfield,_South_Carolina",town
"Springfield, South Dakota","https://en.wikipedia.org/wiki/Springfield,_South_Dakota",city
"Springfield, Tennessee","https://en.wikipedia.org/wiki/Springfield,_Tennessee",city
"Springfield, Vermont","https://en.wikipedia.org/wiki/Springfield,_Vermont",town
"Springfield, Virginia","https://en.wikipedia.org/wiki/Springfield,_Virginia",CDP
"Springfield, West Virginia","https://en.wikipedia.org/wiki/Springfield,_West_Virginia",CDP
"Springfield, Dane County, Wisconsin","https://en.wikipedia.org/wiki/Springfield,_Dane_County,_Wisconsin",town
"Springfield, Wisconsin (Jackson County)","https://en.wikipedia.org/wiki/Springfield,_Jackson_County,_Wisconsin",town[4]
"Springfield, Wisconsin (Marquette County)","https://en.wikipedia.org/wiki/Springfield,_Marquette_County,_Wisconsin",town
"Springfield, Wisconsin (St. Croix County)","https://en.wikipedia.org/wiki/Springfield,_St._Croix_County,_Wisconsin",town
"Springfield, Walworth County, Wisconsin","https://en.wikipedia.org/wiki/Springfield,_Walworth_County,_Wisconsin",town
"Franklin, Alabama","https://en.wikipedia.org/wiki/Franklin,_Alabama",town
"Franklin, Arkansas","https://en.wikipedia.org/wiki/Franklin,_Arkansas",town
"Franklin, Connecticut","https://en.wikipedia.org/wiki/Franklin,_Connecticut",town
"Franklin, Georgia","https://en.wikipedia.org/wiki/Franklin,_Georgia",city
"Franklin, Idaho","https://en.wikipedia.org/wiki/Franklin,_Idaho",city
"Franklin, Illinois","https://en.wikipedia.org/wiki/Franklin,_Illinois",village
"Franklin, Indiana","https://en.wikipedia.org/wiki/Franklin,_Indiana",city
"Franklin, Iowa","https://en.wikipedia.org/wiki/Franklin,_Iowa",city
"Franklin, Kansas","https://en.wikipedia.org/wiki/Franklin,_Kansas",town
"Franklin, Kentucky","https://en.wikipedia.org/wiki/Franklin,_Kentucky",city
"Franklin, Louisiana","https://en.wikipedia.org/wiki/Franklin,_Louisiana",town
"Franklin, Maine","https://en.wikipedia.org/wiki/Franklin,_Maine",town
"Franklin, Massachusetts","https://en.wikipedia.org/wiki/Franklin,_Massachusetts",city
"Franklin, Michigan","https://en.wikipedia.org/wiki/Franklin,_Michigan",village
"Franklin, Minnesota","https://en.wikipedia.org/wiki/Franklin,_Minnesota",city
"Franklin, Missouri","https://en.wikipedia.org/wiki/Franklin,_Missouri",city
"Franklin, Nebraska","https://en.wikipedia.org/wiki/Franklin,_Nebraska",city
"Franklin, New Hampshire","https://en.wikipedia.org/wiki/Franklin,_New_Hampshire",city
"Franklin, New Jersey","https://en.wikipedia.org/wiki/Franklin,_New_Jersey",borough
"Franklin, Delaware County, New York","https://en.wikipedia.org/wiki/Franklin_(village),_New_York",village
"Franklin, Franklin County, New York","https://en.wikipedia.org/wiki/Franklin,_Franklin_County,_New_York",town
"Franklin County, Ohio","https://en.wikipedia.org/wiki/Franklin_County,_Ohio",county
"Franklin, North Carolina","https://en.wikipedia.org/wiki/Franklin,_North_Carolina",town
"Franklin, Ohio","https://en.wikipedia.org/wiki/Franklin,_Ohio",city
"Franklin, Cambria County, Pennsylvania","https://en.wikipedia.org/wiki/Franklin,_Cambria_County,_Pennsylvania",borough
"Franklin, Venango County, Pennsylvania","https://en.wikipedia.org/wiki/Franklin,_Pennsylvania",city
"Franklin, Tennessee","https://en.wikipedia.org/wiki/Franklin,_Tennessee",city
"Franklin, Texas","https://en.wikipedia.org/wiki/Franklin,_Texas",city
"Franklin, Vermont","https://en.wikipedia.org/wiki/Franklin,_Vermont",town
"Franklin, Virginia","https://en.wikipedia.org/wiki/Franklin,_Virginia",city
"Franklin, West Virginia","https://en.wikipedia.org/wiki/Franklin,_West_Virginia",town
"Franklin, Milwaukee County, Wisconsin","https://en.wikipedia.org/wiki/Franklin,_Milwaukee_County,_Wisconsin",city
"Greenville, Alabama","https://en.wikipedia.org/wiki/Greenville,_Alabama",city
"Greenville, California","https://en.wikipedia.org/wiki/Greenville,_California",CDP
"Greenville, Delaware","https://en.wikipedia.org/wiki/Greenville,_Delaware",CDP
"Greenville, Florida","https://en.wikipedia.org/wiki/Greenville,_Florida",town
"Greenville, Georgia","https://en.wikipedia.org/wiki/Greenville,_Georgia",city
"Greenville, Illinois","https://en.wikipedia.org/wiki/Greenville,_Illinois",city
"Greenville, Indiana","https://en.wikipedia.org/wiki/Greenville,_Indiana",town
"Greenville, Iowa","https://en.wikipedia.org/wiki/Greenville,_Iowa",city
"Greenville, Kentucky","https://en.wikipedia.org/wiki/Greenville,_Kentucky",city
"Greenville, Maine","https://en.wikipedia.org/wiki/Greenville,_Maine",town
"Greenville, Massachusetts","https://en.wikipedia.org/wiki/Greenville,_Massachusetts",city
"Greenville, Michigan","https://en.wikipedia.org/wiki/Greenville,_Michigan",city
"Greenville, Mississippi","https://en.wikipedia.org/wiki/Greenville,_Mississippi",city
"Greenville, Missouri","https://en.wikipedia.org/wiki/Greenville,_Missouri",city
"Greenville, New Hampshire","https://en.wikipedia.org/wiki/Greenville,_New_Hampshire",town
"Greenville, New Jersey","https://en.wikipedia.org/wiki/Greenville,_New_Jersey",former township
"Greenville, Orange County, New York","https://en.wikipedia.org/wiki/Greenville,_Orange_County,_New_York",town
"Greenville, Westchester County, New York","https://en.wikipedia.org/wiki/Greenville,_Westchester_County,_New_York",CDP
"Greenville, Ohio","https://en.wikipedia.org/wiki/Greenville,_Ohio",city
"Greenville, Pennsylvania","https://en.wikipedia.org/wiki/Greenville,_Pennsylvania",borough
"Greenville, Rhode Island","https://en.wikipedia.org/wiki/Greenville,_Rhode_Island",CDP
"Greenville, South Carolina","https://en.wikipedia.org/wiki/Greenville,_South_Carolina",city
"Greenville, Texas","https://en.wikipedia.org/wiki/Greenville,_Texas",city
"Greenville, Utah","https://en.wikipedia.org/wiki/Greenville,_Utah",town
"Greenville, Virginia","https://en.wikipedia.org/wiki/Greenville,_Virginia",CDP
"Greenville, Logan County, West Virginia","https://en.wikipedia.org/wiki/Greenville,_Logan_County,_West_Virginia",CDP
"Greenville, Monroe County, West Virginia","https://en.wikipedia.org/wiki/Greenville,_Monroe_County,_West_Virginia",CDP
"Greenville, Wisconsin","https://en.wikipedia.org/wiki/Greenville,_Wisconsin",CDP
"Bristol, Colorado","https://en.wikipedia.org/wiki/Bristol,_Colorado",Unincorporated community
"Bristol, Connecticut","https://en.wikipedia.org/wiki/Bristol,_Connecticut",City
"Bristol, Florida","https://en.wikipedia.org/wiki/Bristol,_Florida",City
"Bristol, Georgia","https://en.wikipedia.org/wiki/Bristol,_Georgia",City
"Bristol, Illinois","https://en.wikipedia.org/wiki/Bristol,_Illinois",Unincorporated community
"Bristol, Indiana","https://en.wikipedia.org/wiki/Bristol,_Indiana",Town
"Bristol, Louisiana","https://en.wikipedia.org/wiki/Bristol,_Louisiana",Populated place
"Bristol, Maryland","https://en.wikipedia.org/wiki/Bristol,_Maryland",Unincorporated community
"Bristol, Maine","https://en.wikipedia.org/wiki/Bristol,_Maine",Town
"Bristol, Michigan","https://en.wikipedia.org/wiki/Bristol,_Michigan",Unincorporated community
"Bristol, Nevada","https://en.wikipedia.org/wiki/Bristol,_Nevada",Ghost town
"Bristol, New Hampshire","https://en.wikipedia.org/wiki/Bristol,_New_Hampshire",Town
"Bristol, New York","https://en.wikipedia.org/wiki/Bristol,_New_York",Town
"Bristol, Ohio","https://en.wikipedia.org/wiki/Bristol,_Ohio",Unincorporated community
"Bristol, Pennsylvania","https://en.wikipedia.org/wiki/Bristol,_Pennsylvania",Borough
"Bristol Township, Pennsylvania","https://en.wikipedia.org/wiki/Bristol_Township,_Pennsylvania",Township
"Bristol, Rhode Island","https://en.wikipedia.org/wiki/Bristol,_Rhode_Island",Town
"Bristol, South Dakota","https://en.wikipedia.org/wiki/Bristol,_South_Dakota",City
"Bristol, Tennessee","https://en.wikipedia.org/wiki/Bristol,_Tennessee",City
"Bristol, Texas","https://en.wikipedia.org/wiki/Bristol,_Texas",Community
"Bristol, Vermont","https://en.wikipedia.org/wiki/Bristol,_Vermont",Town
"Bristol, Virginia","https://en.wikipedia.org/wiki/Bristol,_Virginia",City
"Bristol, Washington","https://en.wikipedia.org/wiki/Bristol,_Washington",Community
"Bristol, Dane County, Wisconsin","https://en.wikipedia.org/wiki/Bristol,_Dane_County,_Wisconsin",Town
"Bristol, Kenosha County, Wisconsin","https://en.wikipedia.org/wiki/Bristol,_Kenosha_County,_Wisconsin",Town
"Bristol, West Virginia","https://en.wikipedia.org/wiki/Bristol,_West_Virginia",Town
"Clinton, Arkansas","https://en.wikipedia.org/wiki/Clinton,_Arkansas",city
"Clinton, Connecticut","https://en.wikipedia.org/wiki/Clinton,_Connecticut",town
"Clinton, Illinois","https://en.wikipedia.org/wiki/Clinton,_Illinois",city
"Clinton, Indiana","https://en.wikipedia.org/wiki/Clinton,_Indiana",city
"Clinton, Iowa","https://en.wikipedia.org/wiki/Clinton,_Iowa",city
"Clinton, Kentucky","https://en.wikipedia.org/wiki/Clinton,_Kentucky",city
"Clinton, Louisiana","https://en.wikipedia.org/wiki/Clinton,_Louisiana",town
"Clinton, Maine","https://en.wikipedia.org/wiki/Clinton,_Maine",town
"Clinton, Maryland","https://en.wikipedia.org/wiki/Clinton,_Maryland",CDP
"Clinton, Massachusetts","https://en.wikipedia.org/wiki/Clinton,_Massachusetts",town
"Clinton, Macomb County, Michigan","https://en.wikipedia.org/wiki/Charter_Township_of_Clinton,_Michigan",CDP
"Clinton, Lenawee County, Michigan","https://en.wikipedia.org/wiki/Clinton,_Lenawee_County,_Michigan",village
"Clinton, Minnesota","https://en.wikipedia.org/wiki/Clinton,_Minnesota",city
"Clinton, Mississippi","https://en.wikipedia.org/wiki/Clinton,_Mississippi",city
"Clinton, Missouri","https://en.wikipedia.org/wiki/Clinton,_Missouri",city
"Clinton, Montana","https://en.wikipedia.org/wiki/Clinton,_Montana",CDP
"Clinton, Nebraska","https://en.wikipedia.org/wiki/Clinton,_Nebraska",village
"Clinton, New Jersey","https://en.wikipedia.org/wiki/Clinton,_New_Jersey",town
"Clinton, Clinton County, New York","https://en.wikipedia.org/wiki/Clinton,_Clinton_County,_New_York",town
"Clinton, Dutchess County, New York","https://en.wikipedia.org/wiki/Clinton,_Dutchess_County,_New_York",town
"Clinton, Oneida County, New York","https://en.wikipedia.org/wiki/Clinton,_Oneida_County,_New_York",village
"Clinton, Ohio","https://en.wikipedia.org/wiki/Clinton,_Ohio",village
"Clinton, Oklahoma","https://en.wikipedia.org/wiki/Clinton,_Oklahoma",city
"Clinton, South Carolina","https://en.wikipedia.org/wiki/Clinton,_South_Carolina",city
"Clinton, Tennessee","https://en.wikipedia.org/wiki/Clinton,_Tennessee",city
"Clinton, Utah","https://en.wikipedia.org/wiki/Clinton,_Utah",city
"Clinton, Washington","https://en.wikipedia.org/wiki/Clinton,_Washington",CDP
"Fairview, Alabama","https://en.wikipedia.org/wiki/Fairview,_Alabama",town
"Fairview, California","https://en.wikipedia.org/wiki/Fairview,_California",CDP
"Fairview, Georgia","https://en.wikipedia.org/wiki/Fairview,_Georgia",CDP
"Fairview, Illinois","https://en.wikipedia.org/wiki/Fairview,_Illinois",village
"Fairview, Kansas","https://en.wikipedia.org/wiki/Fairview,_Kansas",city
"Fairview, Christian County, Kentucky","https://en.wikipedia.org/wiki/Fairview,_Christian_County,_Kentucky",town
"Fairview, Kenton County, Kentucky","https://en.wikipedia.org/wiki/Fairview,_Kenton_County,_Kentucky",city
"Fairview, Missouri","https://en.wikipedia.org/wiki/Fairview,_Missouri",town
"Fairview, Montana","https://en.wikipedia.org/wiki/Fairview,_Montana",town
"Fairview, Bergen County, New Jersey","https://en.wikipedia.org/wiki/Fairview,_Bergen_County,_New_Jersey",borough
"Fairview, Monmouth County, New Jersey","https://en.wikipedia.org/wiki/Fairview,_Monmouth_County,_New_Jersey",CDP
"Fairview, Dutchess County, New York","https://en.wikipedia.org/wiki/Fairview,_Dutchess_County,_New_York",CDP
"Fairview, Westchester County, New York","https://en.wikipedia.org/wiki/Fairview,_Westchester_County,_New_York",CDP
"Fairview, Ohio","https://en.wikipedia.org/wiki/Fairview,_Ohio",village
"Fairview, Oklahoma","https://en.wikipedia.org/wiki/Fairview,_Oklahoma",city
"Fairview, Oregon","https://en.wikipedia.org/wiki/Fairview,_Oregon",city
"Fairview, South Dakota","https://en.wikipedia.org/wiki/Fairview,_South_Dakota",town
"Fairview, Tennessee","https://en.wikipedia.org/wiki/Fairview,_Tennessee",city
"Fairview, Texas","https://en.wikipedia.org/wiki/Fairview,_Texas",town
"Fairview, Utah","https://en.wikipedia.org/wiki/Fairview,_Utah",city
"Fairview, West Virginia","https://en.wikipedia.org/wiki/Fairview,_West_Virginia",town
"Fairview, Wyoming","https://en.wikipedia.org/wiki/Fairview,_Wyoming",CDP
"Salem, Fulton County, Arkansas","https://en.wikipedia.org/wiki/Salem,_Fulton_County,_Arkansas",city
"Salem, Saline County, Arkansas","https://en.wikipedia.org/wiki/Salem,_Saline_County,_Arkansas",CDP
"Salem, Connecticut","https://en.wikipedia.org/wiki/Salem,_Connecticut",town
"Salem, Georgia","https://en.wikipedia.org/wiki/Salem,_Georgia",CDP
"Salem, Illinois","https://en.wikipedia.org/wiki/Salem,_Illinois",city
"Salem, Indiana","https://en.wikipedia.org/wiki/Salem,_Indiana",city
"Salem, Iowa","https://en.wikipedia.org/wiki/Salem,_Iowa",city
"Salem, Kentucky","https://en.wikipedia.org/wiki/Salem,_Kentucky",city
"Salem, Massachusetts","https://en.wikipedia.org/wiki/Salem,_Massachusetts",city
"Salem, Michigan","https://en.wikipedia.org/wiki/Salem,_Michigan",village
"Salem, Missouri","https://en.wikipedia.org/wiki/Salem,_Missouri",city
"Salem, Nebraska","https://en.wikipedia.org/wiki/Salem,_Nebraska",village
"Salem, New Hampshire","https://en.wikipedia.org/wiki/Salem,_New_Hampshire",town
"Salem, New Jersey","https://en.wikipedia.org/wiki/Salem,_New_Jersey",city
"Salem, New Mexico","https://en.wikipedia.org/wiki/Salem,_New_Mexico",CDP
"Salem, New York","https://en.wikipedia.org/wiki/Salem_(village),_New_York",village
"Salem, North Carolina","https://en.wikipedia.org/wiki/Salem,_North_Carolina",CDP
"Salem, Ohio","https://en.wikipedia.org/wiki/Salem,_Ohio",city
"Salem, Oklahoma","https://en.wikipedia.org/wiki/Salem,_Oklahoma",CDP
"Salem, Oregon","https://en.wikipedia.org/wiki/Salem,_Oregon",city
"Salem, South Carolina","https://en.wikipedia.org/wiki/Salem,_South_Carolina",town
"Salem, South Dakota","https://en.wikipedia.org/wiki/Salem,_South_Dakota",city
"Salem, Utah","https://en.wikipedia.org/wiki/Salem,_Utah",city
"Salem, Virginia","https://en.wikipedia.org/wiki/Salem,_Virginia",city
"Salem, West Virginia","https://en.wikipedia.org/wiki/Salem,_West_Virginia",city
"Salem, Kenosha County, Wisconsin","https://en.wikipedia.org/wiki/Salem,_Kenosha_County,_Wisconsin",town
"Madison, Alabama","https://en.wikipedia.org/wiki/Madison,_Alabama",city
"Madison, Arkansas","https://en.wikipedia.org/wiki/Madison,_Arkansas",city
"Madison, Connecticut","https://en.wikipedia.org/wiki/Madison,_Connecticut",town
"Madison, Florida","https://en.wikipedia.org/wiki/Madison,_Florida",city
"Madison, Georgia","https://en.wikipedia.org/wiki/Madison,_Georgia",city
"Madison, Illinois","https://en.wikipedia.org/wiki/Madison,_Illinois",city
"Madison, Indiana","https://en.wikipedia.org/wiki/Madison,_Indiana",city
"Madison, Kansas","https://en.wikipedia.org/wiki/Madison,_Kansas",city
"Madison, Maine","https://en.wikipedia.org/wiki/Madison,_Maine",town
"Madison Heights, Michigan","https://en.wikipedia.org/wiki/Madison_Heights,_Michigan",city
"Madison, Minnesota","https://en.wikipedia.org/wiki/Madison,_Minnesota",city
"Madison, Mississippi","https://en.wikipedia.org/wiki/Madison,_Mississippi",city
"Madison, Missouri","https://en.wikipedia.org/wiki/Madison,_Missouri",city
"Madison, Nebraska","https://en.wikipedia.org/wiki/Madison,_Nebraska",city
"Madison, New Hampshire","https://en.wikipedia.org/wiki/Madison,_New_Hampshire",town
"Madison, New Jersey","https://en.wikipedia.org/wiki/Madison,_New_Jersey",borough
"Madison, New York","https://en.wikipedia.org/wiki/Madison_(village),_New_York",village
"Madison, North Carolina","https://en.wikipedia.org/wiki/Madison,_North_Carolina",town
"Madison, Ohio","https://en.wikipedia.org/wiki/Madison,_Ohio",village
"Madison, Pennsylvania","https://en.wikipedia.org/wiki/Madison,_Pennsylvania",borough
"Madison, South Dakota","https://en.wikipedia.org/wiki/Madison,_South_Dakota",city
"Madison, Tennessee","https://en.wikipedia.org/wiki/Madison,_Tennessee",village
"Madison, Virginia","https://en.wikipedia.org/wiki/Madison,_Virginia",town
"Madison, West Virginia","https://en.wikipedia.org/wiki/Madison,_West_Virginia",city
"Madison, Wisconsin","https://en.wikipedia.org/wiki/Madison,_Wisconsin",capital
"Georgetown, Arkansas","https://en.wikipedia.org/wiki/Georgetown,_Arkansas",town
"Georgetown, California","https://en.wikipedia.org/wiki/Georgetown,_California",CDP
"Georgetown, Colorado","https://en.wikipedia.org/wiki/Georgetown,_Colorado",town
"Georgetown, Connecticut","https://en.wikipedia.org/wiki/Georgetown,_Connecticut",CDP
"Georgetown, Delaware","https://en.wikipedia.org/wiki/Georgetown,_Delaware",town
"Georgetown, Chatham County, Georgia","https://en.wikipedia.org/wiki/Georgetown,_Chatham_County,_Georgia",CDP
"Georgetown, Quitman County, Georgia","https://en.wikipedia.org/wiki/Georgetown,_Quitman_County,_Georgia",city
"Georgetown, Idaho","https://en.wikipedia.org/wiki/Georgetown,_Idaho",city
"Georgetown, Illinois","https://en.wikipedia.org/wiki/Georgetown,_Illinois",city
"Georgetown, Floyd County, Indiana","https://en.wikipedia.org/wiki/Georgetown,_Floyd_County,_Indiana",town
"Georgetown, St. Joseph County, Indiana","https://en.wikipedia.org/wiki/Georgetown,_St._Joseph_County,_Indiana",CDP
"Georgetown, Kentucky","https://en.wikipedia.org/wiki/Georgetown,_Kentucky",city
"Georgetown, Louisiana","https://en.wikipedia.org/wiki/Georgetown,_Louisiana",village
"Georgetown, Maine","https://en.wikipedia.org/wiki/Georgetown,_Maine",town
"Georgetown, Massachusetts","https://en.wikipedia.org/wiki/Georgetown,_Massachusetts",town
"Georgetown, Minnesota","https://en.wikipedia.org/wiki/Georgetown,_Minnesota",city
"Georgetown, Mississippi","https://en.wikipedia.org/wiki/Georgetown,_Mississippi",town
"Georgetown, New York","https://en.wikipedia.org/wiki/Georgetown,_New_York",town
"Georgetown, Ohio","https://en.wikipedia.org/wiki/Georgetown,_Ohio",village
"Georgetown, Beaver County, Pennsylvania","https://en.wikipedia.org/wiki/Georgetown,_Beaver_County,_Pennsylvania",borough
"Georgetown, South Carolina","https://en.wikipedia.org/wiki/Georgetown,_South_Carolina",city
"Georgetown, Tennessee","https://en.wikipedia.org/wiki/Georgetown,_Tennessee",village
"Georgetown, Texas","https://en.wikipedia.org/wiki/Georgetown,_Texas",city
"Georgetown, Washington DC","https://en.wikipedia.org/wiki/Georgetown,_Washington_DC",principality
"Arlington, Arizona","https://en.wikipedia.org/wiki/Arlington,_Arizona",town
"Arlington, Georgia","https://en.wikipedia.org/wiki/Arlington,_Georgia",city
"Arlington, Illinois","https://en.wikipedia.org/wiki/Arlington,_Illinois",village
"Arlington, Iowa","https://en.wikipedia.org/wiki/Arlington,_Iowa",city
"Arlington, Kansas","https://en.wikipedia.org/wiki/Arlington,_Kansas",city
"Arlington, Kentucky","https://en.wikipedia.org/wiki/Arlington,_Kentucky",city
"Arlington, Massachusetts","https://en.wikipedia.org/wiki/Arlington,_Massachusetts",town
"Arlington, Minnesota","https://en.wikipedia.org/wiki/Arlington,_Minnesota",city
"Arlington, Nebraska","https://en.wikipedia.org/wiki/Arlington,_Nebraska",village
"Arlington, New York","https://en.wikipedia.org/wiki/Arlington,_New_York",CDP
"Arlington, North Carolina","https://en.wikipedia.org/wiki/Arlington,_North_Carolina",town
"Arlington, Ohio","https://en.wikipedia.org/wiki/Arlington,_Ohio",village
"Arlington, Oregon","https://en.wikipedia.org/wiki/Arlington,_Oregon",city
"Arlington, South Dakota","https://en.wikipedia.org/wiki/Arlington,_South_Dakota",city
"Arlington, Tennessee","https://en.wikipedia.org/wiki/Arlington,_Tennessee",town
"Arlington, Texas","https://en.wikipedia.org/wiki/Arlington,_Texas",city
"Arlington, Vermont","https://en.wikipedia.org/wiki/Arlington,_Vermont",town
"Arlington, Northampton County, Virginia","https://en.wikipedia.org/wiki/Arlington,_Northampton_County,_Virginia",CDP
"Arlington, Washington","https://en.wikipedia.org/wiki/Arlington,_Washington",city
"Arlington, Wisconsin","https://en.wikipedia.org/wiki/Arlington,_Wisconsin",village
"Arlington, Wyoming","https://en.wikipedia.org/wiki/Arlington,_Wyoming",CDP
"Ashland, Alabama","https://en.wikipedia.org/wiki/Ashland,_Alabama",city
"Ashland, California","https://en.wikipedia.org/wiki/Ashland,_California",CDP
"Ashland, Illinois","https://en.wikipedia.org/wiki/Ashland,_Illinois",village
"Ashland, Kansas","https://en.wikipedia.org/wiki/Ashland,_Kansas",city
"Ashland, Kentucky","https://en.wikipedia.org/wiki/Ashland,_Kentucky",city
"Ashland, Maine","https://en.wikipedia.org/wiki/Ashland,_Maine",town
"Ashland, Massachusetts","https://en.wikipedia.org/wiki/Ashland,_Massachusetts",town
"Ashland, Mississippi","https://en.wikipedia.org/wiki/Ashland,_Mississippi",town
"Ashland, Missouri","https://en.wikipedia.org/wiki/Ashland,_Missouri",city
"Ashland, Montana","https://en.wikipedia.org/wiki/Ashland,_Montana",CDP
"Ashland, Nebraska","https://en.wikipedia.org/wiki/Ashland,_Nebraska",city
"Ashland, New Hampshire","https://en.wikipedia.org/wiki/Ashland,_New_Hampshire",town
"Ashland, New Jersey","https://en.wikipedia.org/wiki/Ashland,_New_Jersey",CDP
"Ashland, Chemung County, New York","https://en.wikipedia.org/wiki/Ashland,_Chemung_County,_New_York",town
"Ashland, Greene County, New York","https://en.wikipedia.org/wiki/Ashland,_Greene_County,_New_York",town
"Ashland, Ohio","https://en.wikipedia.org/wiki/Ashland,_Ohio",city
"Ashland, Oklahoma","https://en.wikipedia.org/wiki/Ashland,_Oklahoma",town
"Ashland, Oregon","https://en.wikipedia.org/wiki/Ashland,_Oregon",city
"Ashland, Pennsylvania","https://en.wikipedia.org/wiki/Ashland,_Pennsylvania",borough
"Ashland, Virginia","https://en.wikipedia.org/wiki/Ashland,_Virginia",town
"Ashland, Wisconsin","https://en.wikipedia.org/wiki/Ashland,_Wisconsin",city
"Dover, Arkansas","https://en.wikipedia.org/wiki/Dover,_Arkansas",city
"Dover, Delaware","https://en.wikipedia.org/wiki/Dover,_Delaware",city
"Dover, Florida","https://en.wikipedia.org/wiki/Dover,_Florida",CDP
"Dover, Idaho","https://en.wikipedia.org/wiki/Dover,_Idaho",city
"Dover, Illinois","https://en.wikipedia.org/wiki/Dover,_Illinois",village
"Dover, Kansas","https://en.wikipedia.org/wiki/Dover,_Kansas",
"Dover, Kentucky","https://en.wikipedia.org/wiki/Dover,_Kentucky",city
"Dover, Massachusetts","https://en.wikipedia.org/wiki/Dover,_Massachusetts",town
"Dover Township, Michigan (Lake County)","https://en.wikipedia.org/wiki/Dover_Township,_Lake_County,_Michigan",township
"Dover Township, Michigan (Lenawee County)","https://en.wikipedia.org/wiki/Dover_Township,_Lenawee_County,_Michigan",township
"Dover Township, Michigan (Otsego County)","https://en.wikipedia.org/wiki/Dover_Township,_Otsego_County,_Michigan",township
"Dover, Minnesota","https://en.wikipedia.org/wiki/Dover,_Minnesota",city
"Dover, Missouri","https://en.wikipedia.org/wiki/Dover,_Missouri",town
"Dover, New Hampshire","https://en.wikipedia.org/wiki/Dover,_New_Hampshire",city
"Dover, New Jersey","https://en.wikipedia.org/wiki/Dover,_New_Jersey",town
"Dover, North Carolina","https://en.wikipedia.org/wiki/Dover,_North_Carolina",town
"Dover, Ohio","https://en.wikipedia.org/wiki/Dover,_Ohio",city
"Dover, Oklahoma","https://en.wikipedia.org/wiki/Dover,_Oklahoma",town
"Dover, Pennsylvania","https://en.wikipedia.org/wiki/Dover,_Pennsylvania",borough
"Dover, Tennessee","https://en.wikipedia.org/wiki/Dover,_Tennessee",city
"Dover, Vermont","https://en.wikipedia.org/wiki/Dover,_Vermont",town
"Oxford, Alabama","https://en.wikipedia.org/wiki/Oxford,_Alabama",city
"Oxford, Arkansas","https://en.wikipedia.org/wiki/Oxford,_Arkansas",city
"Oxford, Connecticut","https://en.wikipedia.org/wiki/Oxford,_Connecticut",town
"Oxford, Florida","https://en.wikipedia.org/wiki/Oxford,_Florida",city
"Oxford, Georgia","https://en.wikipedia.org/wiki/Oxford,_Georgia",city
"Oxford, Idaho","https://en.wikipedia.org/wiki/Oxford,_Idaho",city
"Oxford, Indiana","https://en.wikipedia.org/wiki/Oxford,_Indiana",town
"Oxford, Iowa","https://en.wikipedia.org/wiki/Oxford,_Iowa",city
"Oxford, Kansas","https://en.wikipedia.org/wiki/Oxford,_Kansas",city
"Oxford, Kentucky","https://en.wikipedia.org/wiki/Oxford,_Kentucky",village
"Oxford, Maine","https://en.wikipedia.org/wiki/Oxford,_Maine",town
"Oxford, Maryland","https://en.wikipedia.org/wiki/Oxford,_Maryland",town
"Oxford, Massachusetts","https://en.wikipedia.org/wiki/Oxford,_Massachusetts",town
"Oxford, Michigan","https://en.wikipedia.org/wiki/Oxford,_Michigan",village
"Oxford, Mississippi","https://en.wikipedia.org/wiki/Oxford,_Mississippi",city
"Oxford, Missouri","https://en.wikipedia.org/wiki/Oxford,_Missouri",village
"Oxford, Nebraska","https://en.wikipedia.org/wiki/Oxford,_Nebraska",village
"Oxford, New Jersey","https://en.wikipedia.org/wiki/Oxford_CDP,_New_Jersey",CDP
"Oxford, New York","https://en.wikipedia.org/wiki/Oxford_(village),_New_York",village
"Oxford, North Carolina","https://en.wikipedia.org/wiki/Oxford,_North_Carolina",city
"Oxford, Ohio","https://en.wikipedia.org/wiki/Oxford,_Ohio",city
"Oxford, Pennsylvania","https://en.wikipedia.org/wiki/Oxford,_Pennsylvania",borough
"Oxford, Wisconsin","https://en.wikipedia.org/wiki/Oxford,_Wisconsin",village
"Jackson, Alabama","https://en.wikipedia.org/wiki/Jackson,_Alabama",city
"Jackson, California","https://en.wikipedia.org/wiki/Jackson,_California",city
"Jackson, Georgia","https://en.wikipedia.org/wiki/Jackson,_Georgia",city
"Jackson, Kentucky","https://en.wikipedia.org/wiki/Jackson,_Kentucky",city
"Jackson, Louisiana","https://en.wikipedia.org/wiki/Jackson,_Louisiana",town
"Jackson, Maine","https://en.wikipedia.org/wiki/Jackson,_Maine",town
"Jackson, Michigan","https://en.wikipedia.org/wiki/Jackson,_Michigan",city
"Jackson, Minnesota","https://en.wikipedia.org/wiki/Jackson,_Minnesota",city
"Jackson, Mississippi","https://en.wikipedia.org/wiki/Jackson,_Mississippi",city
"Jackson, Missouri","https://en.wikipedia.org/wiki/Jackson,_Missouri",city
"Jackson, Montana","https://en.wikipedia.org/wiki/Jackson,_Montana",village
"Jackson, Nebraska","https://en.wikipedia.org/wiki/Jackson,_Nebraska",village
"Jackson, New Hampshire","https://en.wikipedia.org/wiki/Jackson,_New_Hampshire",town
"Jackson, New Jersey","https://en.wikipedia.org/wiki/Jackson,_New_Jersey",town
"Jackson, New York","https://en.wikipedia.org/wiki/Jackson,_New_York",town
"Jackson, North Carolina","https://en.wikipedia.org/wiki/Jackson,_North_Carolina",town
"Jackson, Ohio","https://en.wikipedia.org/wiki/Jackson,_Ohio",city
"Jackson, South Carolina","https://en.wikipedia.org/wiki/Jackson,_South_Carolina",Town
"Fort Jackson, South Carolina",https://en.wikipedia.org/wiki/Fort_Jackson_(South_Carolina),Military base
"Jackson, Tennessee","https://en.wikipedia.org/wiki/Jackson,_Tennessee",city
"Jackson, Wyoming","https://en.wikipedia.org/wiki/Jackson,_Wyoming",town
"Burlington, Colorado","https://en.wikipedia.org/wiki/Burlington,_Colorado",city
"Burlington, Connecticut","https://en.wikipedia.org/wiki/Burlington,_Connecticut",town
"Burlington, Illinois","https://en.wikipedia.org/wiki/Burlington,_Illinois",village
"Burlington, Indiana","https://en.wikipedia.org/wiki/Burlington,_Indiana",town
"Burlington, Iowa","https://en.wikipedia.org/wiki/Burlington,_Iowa",city
"Burlington, Kansas","https://en.wikipedia.org/wiki/Burlington,_Kansas",city
"Burlington, Kentucky","https://en.wikipedia.org/wiki/Burlington,_Kentucky",CDP
"Burlington, Maine","https://en.wikipedia.org/wiki/Burlington,_Maine",town
"Burlington, Massachusetts","https://en.wikipedia.org/wiki/Burlington,_Massachusetts",town
"Burlington, Michigan","https://en.wikipedia.org/wiki/Burlington,_Michigan",village
"Burlington, New Jersey","https://en.wikipedia.org/wiki/Burlington,_New_Jersey",city
"Burlington, New York","https://en.wikipedia.org/wiki/Burlington,_New_York",town
"Burlington, North Carolina","https://en.wikipedia.org/wiki/Burlington,_North_Carolina",city
"Burlington, North Dakota","https://en.wikipedia.org/wiki/Burlington,_North_Dakota",city
"Burlington, Ohio","https://en.wikipedia.org/wiki/Burlington,_Ohio",CDP
"Burlington, Oklahoma","https://en.wikipedia.org/wiki/Burlington,_Oklahoma",town
"Burlington, Pennsylvania","https://en.wikipedia.org/wiki/Burlington,_Pennsylvania",borough
"Burlington, Vermont","https://en.wikipedia.org/wiki/Burlington,_Vermont",city
"Burlington, Washington","https://en.wikipedia.org/wiki/Burlington,_Washington",city
"Burlington, Wisconsin","https://en.wikipedia.org/wiki/Burlington,_Wisconsin",city
"Burlington, Wyoming","https://en.wikipedia.org/wiki/Burlington,_Wyoming",town
"Manchester, Connecticut","https://en.wikipedia.org/wiki/Manchester,_Connecticut",town
"Manchester, Georgia","https://en.wikipedia.org/wiki/Manchester,_Georgia",city
"Manchester, Illinois","https://en.wikipedia.org/wiki/Manchester,_Illinois",village
"Manchester, Iowa","https://en.wikipedia.org/wiki/Manchester,_Iowa",city
"Manchester, Kansas","https://en.wikipedia.org/wiki/Manchester,_Kansas",city
"Manchester, Kentucky","https://en.wikipedia.org/wiki/Manchester,_Kentucky",city
"Manchester, Maine","https://en.wikipedia.org/wiki/Manchester,_Maine",town
"Manchester, Maryland","https://en.wikipedia.org/wiki/Manchester,_Maryland",town
"Manchester, Michigan","https://en.wikipedia.org/wiki/Manchester,_Michigan",village
"Manchester, Minnesota","https://en.wikipedia.org/wiki/Manchester,_Minnesota",city
"Manchester, Missouri","https://en.wikipedia.org/wiki/Manchester,_Missouri",city
"Manchester, New Hampshire","https://en.wikipedia.org/wiki/Manchester,_New_Hampshire",city
"Manchester, New Jersey","https://en.wikipedia.org/wiki/Manchester,_New_Jersey",township
"Manchester, New York","https://en.wikipedia.org/wiki/Manchester_(village),_New_York",village
"Manchester, Ohio","https://en.wikipedia.org/wiki/Manchester,_Ohio",village
"Manchester, Oklahoma","https://en.wikipedia.org/wiki/Manchester,_Oklahoma",town
"Manchester, Pennsylvania","https://en.wikipedia.org/wiki/Manchester,_Pennsylvania",borough
"Manchester, Tennessee","https://en.wikipedia.org/wiki/Manchester,_Tennessee",city
"Manchester, Vermont","https://en.wikipedia.org/wiki/Manchester,_Vermont",town
"Manchester, Virginia","https://en.wikipedia.org/wiki/Manchester,_Richmond,_Virginia",community
"Manchester, Washington","https://en.wikipedia.org/wiki/Manchester,_Washington",CDP
"Manchester, Massachusetts","https://en.wikipedia.org/wiki/Manchester,_Massachusetts",Town
"Milton, Delaware","https://en.wikipedia.org/wiki/Milton,_Delaware",town
"Milton, Florida","https://en.wikipedia.org/wiki/Milton,_Florida",city
"Milton, Georgia","https://en.wikipedia.org/wiki/Milton,_Georgia",city
"Milton, Illinois","https://en.wikipedia.org/wiki/Milton,_Illinois",village
"Milton, Indiana","https://en.wikipedia.org/wiki/Milton,_Indiana",town
"Milton, Iowa","https://en.wikipedia.org/wiki/Milton,_Iowa",city
"Milton, Kentucky","https://en.wikipedia.org/wiki/Milton,_Kentucky",city
"Milton, Louisiana","https://en.wikipedia.org/wiki/Milton,_Louisiana",town
"Milton, Massachusetts","https://en.wikipedia.org/wiki/Milton,_Massachusetts",town
"Milton, New Hampshire","https://en.wikipedia.org/wiki/Milton,_New_Hampshire",town
"Milton, Saratoga County, New York","https://en.wikipedia.org/wiki/Milton_(CDP),_Saratoga_County,_New_York",CDP
"Milton, Ulster County, New York","https://en.wikipedia.org/wiki/Milton,_Ulster_County,_New_York",CDP
"Milton, North Carolina","https://en.wikipedia.org/wiki/Milton,_North_Carolina",town
"Milton, North Dakota","https://en.wikipedia.org/wiki/Milton,_North_Dakota",city
"Milton, Pennsylvania","https://en.wikipedia.org/wiki/Milton,_Pennsylvania",borough
"Milton, Tennessee","https://en.wikipedia.org/wiki/Milton,_Tennessee",village
"Milton, Vermont","https://en.wikipedia.org/wiki/Milton,_Vermont",town
"Milton, Washington","https://en.wikipedia.org/wiki/Milton,_Washington",city
"Milton, West Virginia","https://en.wikipedia.org/wiki/Milton,_West_Virginia",town
"Milton, Wisconsin","https://en.wikipedia.org/wiki/Milton,_Wisconsin",city
"Newport, Arkansas","https://en.wikipedia.org/wiki/Newport,_Arkansas",city
"Newport, California","https://en.wikipedia.org/wiki/Newport,_California",city
"Newport, Delaware","https://en.wikipedia.org/wiki/Newport,_Delaware",town
"Newport, Indiana","https://en.wikipedia.org/wiki/Newport,_Indiana",town
"Newport, Kentucky","https://en.wikipedia.org/wiki/Newport,_Kentucky",city
"Newport, Maine","https://en.wikipedia.org/wiki/Newport,_Maine",town
"Newport, Michigan","https://en.wikipedia.org/wiki/Newport,_Michigan",town
"Newport, Minnesota","https://en.wikipedia.org/wiki/Newport,_Minnesota",city
"Newport, Nebraska","https://en.wikipedia.org/wiki/Newport,_Nebraska",village
"Newport, New Hampshire","https://en.wikipedia.org/wiki/Newport,_New_Hampshire",town
"Newport, New York","https://en.wikipedia.org/wiki/Newport_(village),_New_York",village
"Newport, North Carolina","https://en.wikipedia.org/wiki/Newport,_North_Carolina",town
"Newport, Oregon","https://en.wikipedia.org/wiki/Newport,_Oregon",city
"Newport, Pennsylvania","https://en.wikipedia.org/wiki/Newport,_Pennsylvania",borough
"Newport, Rhode Island","https://en.wikipedia.org/wiki/Newport,_Rhode_Island",city
"Newport, South Carolina","https://en.wikipedia.org/wiki/Newport,_South_Carolina",CDP
"Newport, Tennessee","https://en.wikipedia.org/wiki/Newport,_Tennessee",city
"Newport, Vermont","https://en.wikipedia.org/wiki/Newport_(city),_Vermont",city
"Newport, Washington","https://en.wikipedia.org/wiki/Newport,_Washington",city
"Auburn, Alabama","https://en.wikipedia.org/wiki/Auburn,_Alabama",city
"Auburn, California","https://en.wikipedia.org/wiki/Auburn,_California",city
"Auburn, Georgia","https://en.wikipedia.org/wiki/Auburn,_Georgia",city
"Auburn, Illinois","https://en.wikipedia.org/wiki/Auburn,_Illinois",city
"Auburn, Indiana","https://en.wikipedia.org/wiki/Auburn,_Indiana",city
"Auburn, Iowa","https://en.wikipedia.org/wiki/Auburn,_Iowa",city
"Auburn, Kansas","https://en.wikipedia.org/wiki/Auburn,_Kansas",city
"Auburn, Kentucky","https://en.wikipedia.org/wiki/Auburn,_Kentucky",city
"Auburn, Maine","https://en.wikipedia.org/wiki/Auburn,_Maine",city
"Auburn, Massachusetts","https://en.wikipedia.org/wiki/Auburn,_Massachusetts",city
"Auburn, Michigan","https://en.wikipedia.org/wiki/Auburn,_Michigan",city
"Auburn, Nebraska","https://en.wikipedia.org/wiki/Auburn,_Nebraska",city
"Auburn, New Hampshire","https://en.wikipedia.org/wiki/Auburn,_New_Hampshire",town
"Auburn, New York","https://en.wikipedia.org/wiki/Auburn,_New_York",city
"Auburn Township, Geauga County, Ohio","https://en.wikipedia.org/wiki/Auburn_Township,_Geauga_County,_Ohio",township
"Auburn, Pennsylvania","https://en.wikipedia.org/wiki/Auburn,_Pennsylvania",borough
"Auburn, Washington","https://en.wikipedia.org/wiki/Auburn,_Washington",city
"Auburn, West Virginia","https://en.wikipedia.org/wiki/Auburn,_West_Virginia",town
"Auburn, Wyoming","https://en.wikipedia.org/wiki/Auburn,_Wyoming",CDP
"Centerville, Georgia","https://en.wikipedia.org/wiki/Centerville,_Georgia",city
"Centerville, Indiana","https://en.wikipedia.org/wiki/Centerville,_Indiana",town
"Centerville, Iowa","https://en.wikipedia.org/wiki/Centerville,_Iowa",city
"Centerville, Massachusetts","https://en.wikipedia.org/wiki/Centerville,_Massachusetts",village
"Centerville, Minnesota","https://en.wikipedia.org/wiki/Centerville,_Minnesota",city
"Centerville, Missouri","https://en.wikipedia.org/wiki/Centerville,_Missouri",city
"Centerville, North Carolina","https://en.wikipedia.org/wiki/Centerville,_North_Carolina",town
"Centerville, Gallia County, Ohio","https://en.wikipedia.org/wiki/Centerville,_Gallia_County,_Ohio",village
"Centerville, Montgomery County, Ohio","https://en.wikipedia.org/wiki/Centerville,_Montgomery_County,_Ohio",city
"Centerville, Crawford County, Pennsylvania","https://en.wikipedia.org/wiki/Centerville,_Crawford_County,_Pennsylvania",borough
"Centerville, Washington County, Pennsylvania","https://en.wikipedia.org/wiki/Centerville,_Washington_County,_Pennsylvania",borough
"Centerville, South Carolina","https://en.wikipedia.org/wiki/Centerville,_South_Carolina",CDP
"Centerville, South Dakota","https://en.wikipedia.org/wiki/Centerville,_South_Dakota",city
"Centerville, Tennessee","https://en.wikipedia.org/wiki/Centerville,_Tennessee",town
"Centerville, Texas","https://en.wikipedia.org/wiki/Centerville,_Texas",city
"Centerville, Utah","https://en.wikipedia.org/wiki/Centerville,_Utah",city
"Centerville, Washington","https://en.wikipedia.org/wiki/Centerville,_Washington",CDP
"Clayton, Alabama","https://en.wikipedia.org/wiki/Clayton,_Alabama",town
"Clayton, California","https://en.wikipedia.org/wiki/Clayton,_California",city
"Clayton, Delaware","https://en.wikipedia.org/wiki/Clayton,_Delaware",town
"Clayton, Georgia","https://en.wikipedia.org/wiki/Clayton,_Georgia",city
"Clayton, Idaho","https://en.wikipedia.org/wiki/Clayton,_Idaho",city
"Clayton, Illinois","https://en.wikipedia.org/wiki/Clayton,_Illinois",village
"Clayton, Indiana","https://en.wikipedia.org/wiki/Clayton,_Indiana",town
"Clayton, Iowa","https://en.wikipedia.org/wiki/Clayton,_Iowa",city
"Clayton, Kansas","https://en.wikipedia.org/wiki/Clayton,_Kansas",city
"Clayton, Louisiana","https://en.wikipedia.org/wiki/Clayton,_Louisiana",town
"Clayton, Michigan","https://en.wikipedia.org/wiki/Clayton,_Michigan",village
"Clayton, Missouri","https://en.wikipedia.org/wiki/Clayton,_Missouri",city
"Clayton, New Jersey","https://en.wikipedia.org/wiki/Clayton,_New_Jersey",borough
"Clayton, New Mexico","https://en.wikipedia.org/wiki/Clayton,_New_Mexico",town
"Clayton, New York","https://en.wikipedia.org/wiki/Clayton_(village),_New_York",village
"Clayton, North Carolina","https://en.wikipedia.org/wiki/Clayton,_North_Carolina",town
"Clayton, Ohio","https://en.wikipedia.org/wiki/Clayton,_Ohio",city
"Clayton, Oklahoma","https://en.wikipedia.org/wiki/Clayton,_Oklahoma",town
"Clayton, Washington","https://en.wikipedia.org/wiki/Clayton,_Washington",CDP
"Dayton, Alabama","https://en.wikipedia.org/wiki/Dayton,_Alabama",town
"Dayton, Idaho","https://en.wikipedia.org/wiki/Dayton,_Idaho",city
"Dayton, Indiana","https://en.wikipedia.org/wiki/Dayton,_Indiana",town
"Dayton, Iowa","https://en.wikipedia.org/wiki/Dayton,_Iowa",city
"Dayton, Kentucky","https://en.wikipedia.org/wiki/Dayton,_Kentucky",city
"Dayton, Maine","https://en.wikipedia.org/wiki/Dayton,_Maine",town
"Dayton, Minnesota","https://en.wikipedia.org/wiki/Dayton,_Minnesota",city
"Dayton, Missouri","https://en.wikipedia.org/wiki/Dayton,_Missouri",village
"Dayton, Montana","https://en.wikipedia.org/wiki/Dayton,_Montana",CDP
"Dayton, Nevada","https://en.wikipedia.org/wiki/Dayton,_Nevada",CDP
"Dayton, New Jersey","https://en.wikipedia.org/wiki/Dayton,_New_Jersey",CDP
"Dayton, New York","https://en.wikipedia.org/wiki/Dayton,_New_York",town
"Dayton, Ohio","https://en.wikipedia.org/wiki/Dayton,_Ohio",city
"Dayton, Oregon","https://en.wikipedia.org/wiki/Dayton,_Oregon",city
"Dayton, Pennsylvania","https://en.wikipedia.org/wiki/Dayton,_Pennsylvania",borough
"Dayton, Tennessee","https://en.wikipedia.org/wiki/Dayton,_Tennessee",city
"Dayton, Texas","https://en.wikipedia.org/wiki/Dayton,_Texas",city
"Dayton, Virginia","https://en.wikipedia.org/wiki/Dayton,_Virginia",town
"Dayton, Washington","https://en.wikipedia.org/wiki/Dayton,_Washington",city
"Dayton, Wyoming","https://en.wikipedia.org/wiki/Dayton,_Wyoming",town
"Lexington, Alabama","https://en.wikipedia.org/wiki/Lexington,_Alabama",town
"Lexington, Georgia","https://en.wikipedia.org/wiki/Lexington,_Georgia",city
"Lexington, Illinois","https://en.wikipedia.org/wiki/Lexington,_Illinois",city
"Lexington, Kentucky","https://en.wikipedia.org/wiki/Lexington,_Kentucky",city
"Lexington, Massachusetts","https://en.wikipedia.org/wiki/Lexington,_Massachusetts",town
"Lexington, Michigan","https://en.wikipedia.org/wiki/Lexington,_Michigan",village
"Lexington, Minnesota","https://en.wikipedia.org/wiki/Lexington,_Minnesota",city
"Lexington, Mississippi","https://en.wikipedia.org/wiki/Lexington,_Mississippi",city
"Lexington, Missouri","https://en.wikipedia.org/wiki/Lexington,_Missouri",city
"Lexington, Nebraska","https://en.wikipedia.org/wiki/Lexington,_Nebraska",city
"Lexington, New York","https://en.wikipedia.org/wiki/Lexington,_New_York",town
"Lexington, Ohio","https://en.wikipedia.org/wiki/Lexington,_Ohio",village
"Lexington, Oklahoma","https://en.wikipedia.org/wiki/Lexington,_Oklahoma",city
"Lexington, Oregon","https://en.wikipedia.org/wiki/Lexington,_Oregon",town
"Lexington, South Carolina","https://en.wikipedia.org/wiki/Lexington,_South_Carolina",town
"Lexington, Tennessee","https://en.wikipedia.org/wiki/Lexington,_Tennessee",city
"Lexington, Texas","https://en.wikipedia.org/wiki/Lexington,_Texas",town
"Lexington, Virginia","https://en.wikipedia.org/wiki/Lexington,_Virginia",city
"Milford, Connecticut","https://en.wikipedia.org/wiki/Milford,_Connecticut",city
"Milford, Delaware","https://en.wikipedia.org/wiki/Milford,_Delaware",city
"Milford, Illinois","https://en.wikipedia.org/wiki/Milford,_Illinois",village
"Milford, Kosciusko County, Indiana","https://en.wikipedia.org/wiki/Milford,_Kosciusko_County,_Indiana",town
"Milford, Iowa","https://en.wikipedia.org/wiki/Milford,_Iowa",city
"Milford, Kansas","https://en.wikipedia.org/wiki/Milford,_Kansas",city
"Milford, Kentucky","https://en.wikipedia.org/wiki/Milford,_Kentucky",village
"Milford, Maine","https://en.wikipedia.org/wiki/Milford,_Maine",town
"Milford, Massachusetts","https://en.wikipedia.org/wiki/Milford,_Massachusetts",town
"Milford, Michigan","https://en.wikipedia.org/wiki/Milford,_Michigan",village
"Milford, Missouri","https://en.wikipedia.org/wiki/Milford,_Missouri",village
"Milford, Nebraska","https://en.wikipedia.org/wiki/Milford,_Nebraska",city
"Milford, New Hampshire","https://en.wikipedia.org/wiki/Milford,_New_Hampshire",town
"Milford, New Jersey","https://en.wikipedia.org/wiki/Milford,_New_Jersey",borough
"Milford, New York","https://en.wikipedia.org/wiki/Milford_(village),_New_York",village
"Milford, Ohio","https://en.wikipedia.org/wiki/Milford,_Ohio",city
"Milford, Pennsylvania","https://en.wikipedia.org/wiki/Milford,_Pennsylvania",borough
"Milford, Texas","https://en.wikipedia.org/wiki/Milford,_Texas",town
"Milford, Utah","https://en.wikipedia.org/wiki/Milford,_Utah",city
"Mount Vernon, Alabama","https://en.wikipedia.org/wiki/Mount_Vernon,_Alabama",town
"Mount Vernon, Arkansas","https://en.wikipedia.org/wiki/Mount_Vernon,_Arkansas",city
"Mount Vernon, Georgia","https://en.wikipedia.org/wiki/Mount_Vernon,_Georgia",city
"Mount Vernon, Illinois","https://en.wikipedia.org/wiki/Mount_Vernon,_Illinois",city
"Mount Vernon, Indiana","https://en.wikipedia.org/wiki/Mount_Vernon,_Indiana",city
"Mount Vernon, Iowa","https://en.wikipedia.org/wiki/Mount_Vernon,_Iowa",city
"Mount Vernon, Kentucky","https://en.wikipedia.org/wiki/Mount_Vernon,_Kentucky",city
"Mount Vernon, Maine","https://en.wikipedia.org/wiki/Mount_Vernon,_Maine",town
"Mount Vernon, Maryland","https://en.wikipedia.org/wiki/Mount_Vernon,_Maryland",CDP
"Mount Vernon, Missouri","https://en.wikipedia.org/wiki/Mount_Vernon,_Missouri",city
"Mount Vernon, New Hampshire","https://en.wikipedia.org/wiki/Mount_Vernon,_New_Hampshire",town
"Mount Vernon, New York","https://en.wikipedia.org/wiki/Mount_Vernon,_New_York",city
"Mount Vernon, Ohio","https://en.wikipedia.org/wiki/Mount_Vernon,_Ohio",city
"Mount Vernon, Oregon","https://en.wikipedia.org/wiki/Mount_Vernon,_Oregon",city
"Mount Vernon, South Dakota","https://en.wikipedia.org/wiki/Mount_Vernon,_South_Dakota",city
"Mount Vernon, Texas","https://en.wikipedia.org/wiki/Mount_Vernon,_Texas",town
"Mount Vernon, Virginia","https://en.wikipedia.org/wiki/Mount_Vernon,_Virginia",CDP
"Mount Vernon, Washington","https://en.wikipedia.org/wiki/Mount_Vernon,_Washington",city
"Oakland, California","https://en.wikipedia.org/wiki/Oakland,_California",city
"Oakland, Florida","https://en.wikipedia.org/wiki/Oakland,_Florida",city
"Oakland, Illinois","https://en.wikipedia.org/wiki/Oakland,_Illinois",city
"Oakland, Iowa","https://en.wikipedia.org/wiki/Oakland,_Iowa",city
"Oakland, Kentucky","https://en.wikipedia.org/wiki/Oakland,_Kentucky_(disambiguation)",city
"Oakland, Maine","https://en.wikipedia.org/wiki/Oakland,_Maine",town
"Oakland, Maryland","https://en.wikipedia.org/wiki/Oakland,_Maryland",town
"Oakland Township, Michigan (Oakland County)","https://en.wikipedia.org/wiki/Oakland_Township,_Oakland_County,_Michigan",township
"Oakland, Mississippi","https://en.wikipedia.org/wiki/Oakland,_Mississippi",town
"Oakland, Missouri","https://en.wikipedia.org/wiki/Oakland,_Missouri",city
"Oakland, Nebraska","https://en.wikipedia.org/wiki/Oakland,_Nebraska",city
"Oakland, New Jersey","https://en.wikipedia.org/wiki/Oakland,_New_Jersey",borough
"Oakland, Ohio","https://en.wikipedia.org/wiki/Oakland,_Ohio",village
"Oakland, Oklahoma","https://en.wikipedia.org/wiki/Oakland,_Oklahoma",town
"Oakland, Oregon","https://en.wikipedia.org/wiki/Oakland,_Oregon",city
"Oakland, Lawrence County, Pennsylvania","https://en.wikipedia.org/wiki/Oakland,_Lawrence_County,_Pennsylvania",CDP
"Oakland, Susquehanna County, Pennsylvania","https://en.wikipedia.org/wiki/Oakland,_Susquehanna_County,_Pennsylvania",borough
"Oakland, South Carolina","https://en.wikipedia.org/wiki/Oakland,_South_Carolina",CDP
"Oakland, Tennessee","https://en.wikipedia.org/wiki/Oakland,_Tennessee",town
"Winchester, Arkansas","https://en.wikipedia.org/wiki/Winchester,_Arkansas",city
"Winchester, California","https://en.wikipedia.org/wiki/Winchester,_California",CDP
"Winchester, Connecticut","https://en.wikipedia.org/wiki/Winchester,_Connecticut",town
"Winchester, Idaho","https://en.wikipedia.org/wiki/Winchester,_Idaho",city
"Winchester, Illinois","https://en.wikipedia.org/wiki/Winchester,_Illinois",city
"Winchester, Iowa","https://en.wikipedia.org/wiki/Van_Buren_County,_Iowa",city
"Winchester, Indiana","https://en.wikipedia.org/wiki/Winchester,_Indiana",city
"Winchester, Kansas","https://en.wikipedia.org/wiki/Winchester,_Kansas",city
"Winchester, Kentucky","https://en.wikipedia.org/wiki/Winchester,_Kentucky",city
"Winchester, Massachusetts","https://en.wikipedia.org/wiki/Winchester,_Massachusetts",town
"Winchester, Missouri","https://en.wikipedia.org/wiki/Winchester,_Missouri",city
"Winchester, Nevada","https://en.wikipedia.org/wiki/Winchester,_Nevada",town
"Winchester, New Hampshire","https://en.wikipedia.org/wiki/Winchester,_New_Hampshire",town
"Winchester, Ohio","https://en.wikipedia.org/wiki/Winchester,_Ohio",village
"Winchester, Oklahoma","https://en.wikipedia.org/wiki/Winchester,_Oklahoma",town
"Winchester, Tennessee","https://en.wikipedia.org/wiki/Winchester,_Tennessee",city
"Winchester, Texas","https://en.wikipedia.org/wiki/Winchester,_Texas",town
"Winchester, Virginia","https://en.wikipedia.org/wiki/Winchester,_Virginia",city
"Winchester, Wyoming","https://en.wikipedia.org/wiki/Winchester,_Wyoming",CDP
"Cleveland, Alabama","https://en.wikipedia.org/wiki/Cleveland,_Alabama",town
"Cleveland, Florida","https://en.wikipedia.org/wiki/Cleveland,_Florida",CDP
"Cleveland, Georgia","https://en.wikipedia.org/wiki/Cleveland,_Georgia",city
"Cleveland, Illinois","https://en.wikipedia.org/wiki/Cleveland,_Illinois",village
"Cleveland, Minnesota","https://en.wikipedia.org/wiki/Cleveland,_Minnesota",city
"Cleveland, Mississippi","https://en.wikipedia.org/wiki/Cleveland,_Mississippi",city
"Cleveland, Missouri","https://en.wikipedia.org/wiki/Cleveland,_Missouri",city
"Cleveland, New York","https://en.wikipedia.org/wiki/Cleveland,_New_York",village
"Cleveland, North Carolina","https://en.wikipedia.org/wiki/Cleveland,_North_Carolina",town
"Cleveland, North Dakota","https://en.wikipedia.org/wiki/Cleveland,_North_Dakota",city
"Cleveland, Ohio","https://en.wikipedia.org/wiki/Cleveland,_Ohio",city
"Cleveland, Oklahoma","https://en.wikipedia.org/wiki/Cleveland,_Oklahoma",city
"Cleveland, Tennessee","https://en.wikipedia.org/wiki/Cleveland,_Tennessee",city
"Cleveland, Texas","https://en.wikipedia.org/wiki/Cleveland,_Texas",city
"Cleveland, Utah","https://en.wikipedia.org/wiki/Cleveland,_Utah",town
"Cleveland, Virginia","https://en.wikipedia.org/wiki/Cleveland,_Virginia",town
"Cleveland, West Virginia","https://en.wikipedia.org/wiki/Cleveland,_West_Virginia",town
"Hudson, Colorado","https://en.wikipedia.org/wiki/Hudson,_Colorado",town
"Hudson, Florida","https://en.wikipedia.org/wiki/Hudson,_Florida",CDP
"Hudson, Illinois","https://en.wikipedia.org/wiki/Hudson,_Illinois",village
"Hudson, Indiana","https://en.wikipedia.org/wiki/Hudson,_Indiana",town
"Hudson, Iowa","https://en.wikipedia.org/wiki/Hudson,_Iowa",city
"Hudson, Kansas","https://en.wikipedia.org/wiki/Hudson,_Kansas",city
"Hudson, Kentucky","https://en.wikipedia.org/wiki/Hudson,_Kentucky",village
"Hudson, Maine","https://en.wikipedia.org/wiki/Hudson,_Maine",town
"Hudson, Massachusetts","https://en.wikipedia.org/wiki/Hudson,_Massachusetts",town
"Hudson, Michigan","https://en.wikipedia.org/wiki/Hudson,_Michigan",city
"Hudson, New Hampshire","https://en.wikipedia.org/wiki/Hudson,_New_Hampshire",town
"Hudson, North Carolina","https://en.wikipedia.org/wiki/Hudson,_North_Carolina",town
"Hudson, Ohio","https://en.wikipedia.org/wiki/Hudson,_Ohio",city
"Hudson, South Dakota","https://en.wikipedia.org/wiki/Hudson,_South_Dakota",town
"Hudson, Texas","https://en.wikipedia.org/wiki/Hudson,_Texas",city
"Hudson, Wisconsin","https://en.wikipedia.org/wiki/Hudson,_Wisconsin",city
"Hudson, Wyoming","https://en.wikipedia.org/wiki/Hudson,_Wyoming",town
"Kingston, Georgia","https://en.wikipedia.org/wiki/Kingston,_Georgia",city
"Kingston, Idaho","https://en.wikipedia.org/wiki/Kingston,_Idaho",village
"Kingston, Illinois","https://en.wikipedia.org/wiki/Kingston,_Illinois",village
"Kingston, Massachusetts","https://en.wikipedia.org/wiki/Kingston,_Massachusetts",town
"Kingston, Michigan","https://en.wikipedia.org/wiki/Kingston,_Michigan",village
"Kingston, Minnesota","https://en.wikipedia.org/wiki/Kingston,_Minnesota",city
"Kingston, Missouri","https://en.wikipedia.org/wiki/Kingston,_Missouri",city
"Kingston, Nevada","https://en.wikipedia.org/wiki/Kingston,_Nevada",village
"Kingston, New Hampshire","https://en.wikipedia.org/wiki/Kingston,_New_Hampshire",town
"Kingston, New Jersey","https://en.wikipedia.org/wiki/Kingston,_New_Jersey",CDP
"Kingston, New York","https://en.wikipedia.org/wiki/Kingston,_New_York",city
"Kingston, Ohio","https://en.wikipedia.org/wiki/Kingston,_Ohio",village
"Kingston, Oklahoma","https://en.wikipedia.org/wiki/Kingston,_Oklahoma",town
"Kingston, Pennsylvania","https://en.wikipedia.org/wiki/Kingston,_Pennsylvania",borough
"Kingston, Rhode Island","https://en.wikipedia.org/wiki/Kingston,_Rhode_Island",CDP
"Kingston, Tennessee","https://en.wikipedia.org/wiki/Kingston,_Tennessee",city
"Kingston, Utah","https://en.wikipedia.org/wiki/Kingston,_Utah",town
"Kingston, Washington","https://en.wikipedia.org/wiki/Kingston,_Washington",CDP
"Kingston, Wisconsin","https://en.wikipedia.org/wiki/Kingston,_Wisconsin",village
"Riverside, Alabama","https://en.wikipedia.org/wiki/Riverside,_Alabama",town
"Riverside, California","https://en.wikipedia.org/wiki/Riverside,_California",city
"Riverside, Illinois","https://en.wikipedia.org/wiki/Riverside,_Illinois",village
"Riverside, Iowa","https://en.wikipedia.org/wiki/Riverside,_Iowa",city
"Riverside, Missouri","https://en.wikipedia.org/wiki/Riverside,_Missouri",city
"Riverside, Steuben County, New York","https://en.wikipedia.org/wiki/Riverside,_Steuben_County,_New_York",village
"Riverside, Suffolk County, New York","https://en.wikipedia.org/wiki/Riverside,_Suffolk_County,_New_York",CDP
"Riverside, Ohio","https://en.wikipedia.org/wiki/Riverside,_Ohio",city
"Riverside, Umatilla County, Oregon","https://en.wikipedia.org/wiki/Riverside,_Umatilla_County,_Oregon",CDP
"Riverside, Pennsylvania","https://en.wikipedia.org/wiki/Riverside,_Pennsylvania",borough
"Riverside, Rhode Island","https://en.wikipedia.org/wiki/Riverside,_Rhode_Island",village
"Riverside, Texas","https://en.wikipedia.org/wiki/Riverside,_Texas",city
"Riverside, Utah","https://en.wikipedia.org/wiki/Riverside,_Utah",CDP
"Riverside, Washington","https://en.wikipedia.org/wiki/Riverside,_Washington",town
"Riverside, Wyoming","https://en.wikipedia.org/wiki/Riverside,_Wyoming",town
