"Washington, District of Columbia",Washington,"https://en.wikipedia.org/wiki/Washington,_District_of_Columbia"
"Washington, Arkansas",Washington,"https://en.wikipedia.org/wiki/Washington,_Arkansas"
"Washington, Connecticut",Washington,"https://en.wikipedia.org/wiki/Washington,_Connecticut"
"Washington, Georgia",Washington,"https://en.wikipedia.org/wiki/Washington,_Georgia"
"Washington, Illinois",Washington,"https://en.wikipedia.org/wiki/Washington,_Illinois"
"Washington, Indiana",Washington,"https://en.wikipedia.org/wiki/Washington,_Indiana"
"Washington, Iowa",Washington,"https://en.wikipedia.org/wiki/Washington,_Iowa"
"Washington, Kansas",Washington,"https://en.wikipedia.org/wiki/Washington,_Kansas"
"Washington, Kentucky",Washington,"https://en.wikipedia.org/wiki/Washington,_Kentucky"
"Washington, Louisiana",Washington,"https://en.wikipedia.org/wiki/Washington,_Louisiana"
"Washington, Maine",Washington,"https://en.wikipedia.org/wiki/Washington,_Maine"
"Washington, Massachusetts",Washington,"https://en.wikipedia.org/wiki/Washington,_Massachusetts"
"Washington, Mississippi",Washington,"https://en.wikipedia.org/wiki/Washington,_Mississippi"
"Washington, Missouri",Washington,"https://en.wikipedia.org/wiki/Washington,_Missouri"
"Washington, Nebraska",Washington,"https://en.wikipedia.org/wiki/Washington,_Nebraska"
"Washington, New Hampshire",Washington,"https://en.wikipedia.org/wiki/Washington,_New_Hampshire"
"Washington, New Jersey",Washington,"https://en.wikipedia.org/wiki/Washington,_New_Jersey"
"Washington, North Carolina",Washington,"https://en.wikipedia.org/wiki/Washington,_North_Carolina"
"Washington, Ohio",Washington,"https://en.wikipedia.org/wiki/Washington,_Ohio"
"Washington, Oklahoma",Washington,"https://en.wikipedia.org/wiki/Washington,_Oklahoma"
"Washington, Pennsylvania",Washington,"https://en.wikipedia.org/wiki/Washington,_Pennsylvania"
"Washington, Utah",Washington,"https://en.wikipedia.org/wiki/Washington,_Utah"
"Washington, Vermont",Washington,"https://en.wikipedia.org/wiki/Washington,_Vermont"
"Washington, Virginia",Washington,"https://en.wikipedia.org/wiki/Washington,_Virginia"
"Washington, West Virginia",Washington,"https://en.wikipedia.org/wiki/Washington,_West_Virginia"
"Springfield, Arkansas",Springfield,"https://en.wikipedia.org/wiki/Springfield,_Arkansas"
"Springfield, Colorado",Springfield,"https://en.wikipedia.org/wiki/Springfield,_Colorado"
"Springfield, Florida",Springfield,"https://en.wikipedia.org/wiki/Springfield,_Florida"
"Springfield, Georgia",Springfield,"https://en.wikipedia.org/wiki/Springfield,_Georgia"
"Springfield, Illinois",Springfield,"https://en.wikipedia.org/wiki/Springfield,_Illinois"
"Springfield, Kentucky",Springfield,"https://en.wikipedia.org/wiki/Springfield,_Kentucky"
"Springfield, Louisiana",Springfield,"https://en.wikipedia.org/wiki/Springfield,_Louisiana"
"Springfield, Maine",Springfield,"https://en.wikipedia.org/wiki/Springfield,_Maine"
"Springfield, Massachusetts",Springfield,"https://en.wikipedia.org/wiki/Springfield,_Massachusetts"
"Springfield, Michigan",Springfield,"https://en.wikipedia.org/wiki/Springfield,_Michigan"
"Springfield, Minnesota",Springfield,"https://en.wikipedia.org/wiki/Springfield,_Minnesota"
"Springfield, Missouri",Springfield,"https://en.wikipedia.org/wiki/Springfield,_Missouri"
"Springfield, Nebraska",Springfield,"https://en.wikipedia.org/wiki/Springfield,_Nebraska"
"Springfield, New Hampshire",Springfield,"https://en.wikipedia.org/wiki/Springfield,_New_Hampshire"
"Springfield, New York",Springfield,"https://en.wikipedia.org/wiki/Springfield,_New_York"
"Springfield, New Jersey (Burlington County)",Springfield,"https://en.wikipedia.org/wiki/Springfield_Township,_Burlington_County,_New_Jersey"
"Springfield, New Jersey (Union County)",Springfield,"https://en.wikipedia.org/wiki/Springfield_Township,_Union_County,_New_Jersey"
"Springfield, Ohio",Springfield,"https://en.wikipedia.org/wiki/Springfield,_Ohio"
"Springfield, Oregon",Springfield,"https://en.wikipedia.org/wiki/Springfield,_Oregon"
"Springfield, South Carolina",Springfield,"https://en.wikipedia.org/wiki/Springfield,_South_Carolina"
"Springfield, South Dakota",Springfield,"https://en.wikipedia.org/wiki/Springfield,_South_Dakota"
"Springfield, Tennessee",Springfield,"https://en.wikipedia.org/wiki/Springfield,_Tennessee"
"Springfield, Vermont",Springfield,"https://en.wikipedia.org/wiki/Springfield,_Vermont"
"Springfield, Virginia",Springfield,"https://en.wikipedia.org/wiki/Springfield,_Virginia"
"Springfield, West Virginia",Springfield,"https://en.wikipedia.org/wiki/Springfield,_West_Virginia"
"Springfield, Wisconsin (Jackson County)",Springfield,"https://en.wikipedia.org/wiki/Springfield,_Jackson_County,_Wisconsin"
"Springfield, Wisconsin (Marquette County)",Springfield,"https://en.wikipedia.org/wiki/Springfield,_Marquette_County,_Wisconsin"
"Springfield, Wisconsin (St. Croix County)",Springfield,"https://en.wikipedia.org/wiki/Springfield,_St._Croix_County,_Wisconsin"
"Franklin, Alabama",Franklin,"https://en.wikipedia.org/wiki/Franklin,_Alabama"
"Franklin, Arkansas",Franklin,"https://en.wikipedia.org/wiki/Franklin,_Arkansas"
"Franklin, Connecticut",Franklin,"https://en.wikipedia.org/wiki/Franklin,_Connecticut"
"Franklin, Georgia",Franklin,"https://en.wikipedia.org/wiki/Franklin,_Georgia"
"Franklin, Idaho",Franklin,"https://en.wikipedia.org/wiki/Franklin,_Idaho"
"Franklin, Illinois",Franklin,"https://en.wikipedia.org/wiki/Franklin,_Illinois"
"Franklin, Indiana",Franklin,"https://en.wikipedia.org/wiki/Franklin,_Indiana"
"Franklin, Iowa",Franklin,"https://en.wikipedia.org/wiki/Franklin,_Iowa"
"Franklin, Kansas",Franklin,"https://en.wikipedia.org/wiki/Franklin,_Kansas"
"Franklin, Kentucky",Franklin,"https://en.wikipedia.org/wiki/Franklin,_Kentucky"
"Franklin, Louisiana",Franklin,"https://en.wikipedia.org/wiki/Franklin,_Louisiana"
"Franklin, Maine",Franklin,"https://en.wikipedia.org/wiki/Franklin,_Maine"
"Franklin, Massachusetts",Franklin,"https://en.wikipedia.org/wiki/Franklin,_Massachusetts"
"Franklin, Michigan",Franklin,"https://en.wikipedia.org/wiki/Franklin,_Michigan"
"Franklin, Minnesota",Franklin,"https://en.wikipedia.org/wiki/Franklin,_Minnesota"
"Franklin, Missouri",Franklin,"https://en.wikipedia.org/wiki/Franklin,_Missouri"
"Franklin, Nebraska",Franklin,"https://en.wikipedia.org/wiki/Franklin,_Nebraska"
"Franklin, New Hampshire",Franklin,"https://en.wikipedia.org/wiki/Franklin,_New_Hampshire"
"Franklin, New Jersey",Franklin,"https://en.wikipedia.org/wiki/Franklin,_New_Jersey"
"Franklin, Delaware County, New York",Franklin,"https://en.wikipedia.org/wiki/Franklin_(village),_New_York"
"Franklin, Franklin County, New York",Franklin,"https://en.wikipedia.org/wiki/Franklin,_Franklin_County,_New_York"
"Franklin, North Carolina",Franklin,"https://en.wikipedia.org/wiki/Franklin_County,_North_Carolina"
"Franklin County, Ohio",Franklin,"https://en.wikipedia.org/wiki/Franklin_County,_Ohio"
"Franklin, Ohio",Franklin,"https://en.wikipedia.org/wiki/Franklin,_Ohio"
"Franklin, Cambria County, Pennsylvania",Franklin,"https://en.wikipedia.org/wiki/Franklin,_Cambria_County,_Pennsylvania"
"Franklin, Venango County, Pennsylvania",Franklin,"https://en.wikipedia.org/wiki/Franklin,_Pennsylvania"
"Franklin, Tennessee",Franklin,"https://en.wikipedia.org/wiki/Franklin,_Tennessee"
"Franklin, Texas",Franklin,"https://en.wikipedia.org/wiki/Franklin,_Texas"
"Franklin, Vermont",Franklin,"https://en.wikipedia.org/wiki/Franklin,_Vermont"
"Franklin, Virginia",Franklin,"https://en.wikipedia.org/wiki/Franklin,_Virginia"
"Franklin, West Virginia",Franklin,"https://en.wikipedia.org/wiki/Franklin,_West_Virginia"
"Greenville, Alabama",Greenville,"https://en.wikipedia.org/wiki/Greenville,_Alabama"
"Greenville, California",Greenville,"https://en.wikipedia.org/wiki/Greenville,_California"
"Greenville, Delaware",Greenville,"https://en.wikipedia.org/wiki/Greenville,_Delaware"
"Greenville, Florida",Greenville,"https://en.wikipedia.org/wiki/Greenville,_Florida"
"Greenville, Georgia",Greenville,"https://en.wikipedia.org/wiki/Greenville,_Georgia"
"Greenville, Illinois",Greenville,"https://en.wikipedia.org/wiki/Greenville,_Illinois"
"Greenville, Indiana",Greenville,"https://en.wikipedia.org/wiki/Greenville,_Indiana"
"Greenville, Iowa",Greenville,"https://en.wikipedia.org/wiki/Greenville,_Iowa"
"Greenville, Kentucky",Greenville,"https://en.wikipedia.org/wiki/Greenville,_Kentucky"
"Greenville, Maine",Greenville,"https://en.wikipedia.org/wiki/Greenville,_Maine"
"Greenville, Michigan",Greenville,"https://en.wikipedia.org/wiki/Greenville,_Michigan"
"Greenville, Mississippi",Greenville,"https://en.wikipedia.org/wiki/Greenville,_Mississippi"
"Greenville, Missouri",Greenville,"https://en.wikipedia.org/wiki/Greenville,_Missouri"
"Greenville, New Hampshire",Greenville,"https://en.wikipedia.org/wiki/Greenville,_New_Hampshire"
"Greenville, New Jersey",Greenville,"https://en.wikipedia.org/wiki/Greenville,_New_Jersey"
"Greenville, Orange County, New York",Greenville,"https://en.wikipedia.org/wiki/Greenville,_Orange_County,_New_York"
"Greenville, Westchester County, New York",Greenville,"https://en.wikipedia.org/wiki/Greenville,_Westchester_County,_New_York"
"Greenville, Ohio",Greenville,"https://en.wikipedia.org/wiki/Greenville,_Ohio"
"Greenville, Pennsylvania",Greenville,"https://en.wikipedia.org/wiki/Greenville,_Pennsylvania"
"Greenville, Rhode Island",Greenville,"https://en.wikipedia.org/wiki/Greenville,_Rhode_Island"
"Greenville, South Carolina",Greenville,"https://en.wikipedia.org/wiki/Greenville,_South_Carolina"
"Greenville, Texas",Greenville,"https://en.wikipedia.org/wiki/Greenville,_Texas"
"Greenville, Utah",Greenville,"https://en.wikipedia.org/wiki/Greenville,_Utah"
"Greenville, Virginia",Greenville,"https://en.wikipedia.org/wiki/Greenville,_Virginia"
"Greenville, Logan County, West Virginia",Greenville,"https://en.wikipedia.org/wiki/Greenville,_Logan_County,_West_Virginia"
"Greenville, Monroe County, West Virginia",Greenville,"https://en.wikipedia.org/wiki/Greenville,_Monroe_County,_West_Virginia"
"Greenville, Wisconsin",Greenville,"https://en.wikipedia.org/wiki/Greenville,_Wisconsin"
"Bristol, Colorado",Bristol,"https://en.wikipedia.org/wiki/Bristol,_Colorado"
"Bristol, Connecticut",Bristol,"https://en.wikipedia.org/wiki/Bristol,_Connecticut"
"Bristol, Florida",Bristol,"https://en.wikipedia.org/wiki/Bristol,_Florida"
"Bristol, Georgia",Bristol,"https://en.wikipedia.org/wiki/Bristol,_Georgia"
"Bristol, Illinois",Bristol,"https://en.wikipedia.org/wiki/Bristol,_Illinois"
"Bristol, Indiana",Bristol,"https://en.wikipedia.org/wiki/Bristol,_Indiana"
"Bristol, Maine",Bristol,"https://en.wikipedia.org/wiki/Bristol,_Maine"
"Bristol, Nevada",Bristol,"https://en.wikipedia.org/wiki/Bristol,_Nevada"
"Bristol, New Hampshire",Bristol,"https://en.wikipedia.org/wiki/Bristol,_New_Hampshire"
"Bristol, New York",Bristol,"https://en.wikipedia.org/wiki/Bristol,_New_York"
"Bristol, Ohio",Bristol,"https://en.wikipedia.org/wiki/Bristol,_Ohio"
"Bristol, Pennsylvania",Bristol,"https://en.wikipedia.org/wiki/Bristol,_Pennsylvania"
"Bristol Township, Pennsylvania",Bristol,"https://en.wikipedia.org/wiki/Bristol_Township,_Pennsylvania"
"Bristol, Rhode Island",Bristol,"https://en.wikipedia.org/wiki/Bristol,_Rhode_Island"
"Bristol, South Dakota",Bristol,"https://en.wikipedia.org/wiki/Bristol,_South_Dakota"
"Bristol, Tennessee",Bristol,"https://en.wikipedia.org/wiki/Bristol,_Tennessee"
"Bristol, Vermont",Bristol,"https://en.wikipedia.org/wiki/Bristol,_Vermont"
"Bristol, Virginia",Bristol,"https://en.wikipedia.org/wiki/Bristol,_Virginia"
"Bristol, Washington",Bristol,"https://en.wikipedia.org/wiki/Bristol,_Washington"
"Bristol, Dane County, Wisconsin",Bristol,"https://en.wikipedia.org/wiki/Bristol,_Dane_County,_Wisconsin"
"Bristol, Kenosha County, Wisconsin",Bristol,"https://en.wikipedia.org/wiki/Bristol,_Kenosha_County,_Wisconsin"
"Bristol, West Virginia",Bristol,"https://en.wikipedia.org/wiki/Bristol,_West_Virginia"
"Clinton, Arkansas",Clinton,"https://en.wikipedia.org/wiki/Clinton,_Arkansas"
"Clinton, Connecticut",Clinton,"https://en.wikipedia.org/wiki/Clinton,_Connecticut"
"Clinton, Illinois",Clinton,"https://en.wikipedia.org/wiki/Clinton,_Illinois"
"Clinton, Indiana",Clinton,"https://en.wikipedia.org/wiki/Clinton,_Indiana"
"Clinton, Iowa",Clinton,"https://en.wikipedia.org/wiki/Clinton,_Iowa"
"Clinton, Kentucky",Clinton,"https://en.wikipedia.org/wiki/Clinton,_Kentucky"
"Clinton, Louisiana",Clinton,"https://en.wikipedia.org/wiki/Clinton,_Louisiana"
"Clinton, Maine",Clinton,"https://en.wikipedia.org/wiki/Clinton,_Maine"
"Clinton, Maryland",Clinton,"https://en.wikipedia.org/wiki/Clinton,_Maryland"
"Clinton, Massachusetts",Clinton,"https://en.wikipedia.org/wiki/Clinton,_Massachusetts"
"Clinton, Macomb County, Michigan",Clinton,"https://en.wikipedia.org/wiki/Charter_Township_of_Clinton,_Michigan"
"Clinton, Lenawee County, Michigan",Clinton,"https://en.wikipedia.org/wiki/Clinton,_Lenawee_County,_Michigan"
"Clinton, Minnesota",Clinton,"https://en.wikipedia.org/wiki/Clinton,_Minnesota"
"Clinton, Mississippi",Clinton,"https://en.wikipedia.org/wiki/Clinton,_Mississippi"
"Clinton, Missouri",Clinton,"https://en.wikipedia.org/wiki/Clinton,_Missouri"
"Clinton, Montana",Clinton,"https://en.wikipedia.org/wiki/Clinton,_Montana"
"Clinton, Nebraska",Clinton,"https://en.wikipedia.org/wiki/Clinton,_Nebraska"
"Clinton, New Jersey",Clinton,"https://en.wikipedia.org/wiki/Clinton,_New_Jersey"
"Clinton, Clinton County, New York",Clinton,"https://en.wikipedia.org/wiki/Clinton,_Clinton_County,_New_York"
"Clinton, Dutchess County, New York",Clinton,"https://en.wikipedia.org/wiki/Clinton,_Dutchess_County,_New_York"
"Clinton, Oneida County, New York",Clinton,"https://en.wikipedia.org/wiki/Clinton,_Oneida_County,_New_York"
"Clinton, Ohio",Clinton,"https://en.wikipedia.org/wiki/Clinton,_Ohio"
"Clinton, Oklahoma",Clinton,"https://en.wikipedia.org/wiki/Clinton,_Oklahoma"
"Clinton, South Carolina",Clinton,"https://en.wikipedia.org/wiki/Clinton,_South_Carolina"
"Clinton, Tennessee",Clinton,"https://en.wikipedia.org/wiki/Clinton,_Tennessee"
"Clinton, Utah",Clinton,"https://en.wikipedia.org/wiki/Clinton,_Utah"
"Clinton, Washington",Clinton,"https://en.wikipedia.org/wiki/Clinton,_Washington"
"Fairview, Alabama",Fairview,"https://en.wikipedia.org/wiki/Fairview,_Alabama"
"Fairview, California",Fairview,"https://en.wikipedia.org/wiki/Fairview,_California"
"Fairview, Georgia",Fairview,"https://en.wikipedia.org/wiki/Fairview,_Georgia"
"Fairview, Illinois",Fairview,"https://en.wikipedia.org/wiki/Fairview,_Illinois"
"Fairview, Kansas",Fairview,"https://en.wikipedia.org/wiki/Fairview,_Kansas"
"Fairview, Christian County, Kentucky",Fairview,"https://en.wikipedia.org/wiki/Fairview,_Christian_County,_Kentucky"
"Fairview, Kenton County, Kentucky",Fairview,"https://en.wikipedia.org/wiki/Fairview,_Kenton_County,_Kentucky"
"Fairview, Missouri",Fairview,"https://en.wikipedia.org/wiki/Fairview,_Missouri"
"Fairview, Montana",Fairview,"https://en.wikipedia.org/wiki/Fairview,_Montana"
"Fairview, Bergen County, New Jersey",Fairview,"https://en.wikipedia.org/wiki/Fairview,_Bergen_County,_New_Jersey"
"Fairview, Monmouth County, New Jersey",Fairview,"https://en.wikipedia.org/wiki/Fairview,_Monmouth_County,_New_Jersey"
"Fairview, Dutchess County, New York",Fairview,"https://en.wikipedia.org/wiki/Fairview,_Dutchess_County,_New_York"
"Fairview, Westchester County, New York",Fairview,"https://en.wikipedia.org/wiki/Fairview,_Westchester_County,_New_York"
"Fairview, Ohio",Fairview,"https://en.wikipedia.org/wiki/Fairview,_Ohio"
"Fairview, Oklahoma",Fairview,"https://en.wikipedia.org/wiki/Fairview,_Oklahoma"
"Fairview, Oregon",Fairview,"https://en.wikipedia.org/wiki/Fairview,_Oregon"
"Fairview, South Dakota",Fairview,"https://en.wikipedia.org/wiki/Fairview,_South_Dakota"
"Fairview, Tennessee",Fairview,"https://en.wikipedia.org/wiki/Fairview,_Tennessee"
"Fairview, Texas",Fairview,"https://en.wikipedia.org/wiki/Fairview,_Texas"
"Fairview, Utah",Fairview,"https://en.wikipedia.org/wiki/Fairview,_Utah"
"Fairview, West Virginia",Fairview,"https://en.wikipedia.org/wiki/Fairview,_West_Virginia"
"Fairview, Wyoming",Fairview,"https://en.wikipedia.org/wiki/Fairview,_Wyoming"
"Salem, Connecticut",Salem,"https://en.wikipedia.org/wiki/Salem,_Connecticut"
"Salem, Georgia",Salem,"https://en.wikipedia.org/wiki/Salem,_Georgia"
"Salem, Illinois",Salem,"https://en.wikipedia.org/wiki/Salem,_Illinois"
"Salem, Indiana",Salem,"https://en.wikipedia.org/wiki/Salem,_Indiana"
"Salem, Iowa",Salem,"https://en.wikipedia.org/wiki/Salem,_Iowa"
"Salem, Kentucky",Salem,"https://en.wikipedia.org/wiki/Salem,_Kentucky"
"Salem, Massachusetts",Salem,"https://en.wikipedia.org/wiki/Salem,_Massachusetts"
"Salem, Michigan",Salem,"https://en.wikipedia.org/wiki/Salem,_Michigan"
"Salem, Missouri",Salem,"https://en.wikipedia.org/wiki/Salem,_Missouri"
"Salem, Nebraska",Salem,"https://en.wikipedia.org/wiki/Salem,_Nebraska"
"Salem, New Hampshire",Salem,"https://en.wikipedia.org/wiki/Salem,_New_Hampshire"
"Salem, New Jersey",Salem,"https://en.wikipedia.org/wiki/Salem,_New_Jersey"
"Salem, New Mexico",Salem,"https://en.wikipedia.org/wiki/Salem,_New_Mexico"
"Salem, New York",Salem,"https://en.wikipedia.org/wiki/Salem_(village),_New_York"
"Salem, North Carolina",Salem,"https://en.wikipedia.org/wiki/Salem,_North_Carolina"
"Salem, Ohio",Salem,"https://en.wikipedia.org/wiki/Salem,_Ohio"
"Salem, Oklahoma",Salem,"https://en.wikipedia.org/wiki/Salem,_Oklahoma"
"Salem, Oregon",Salem,"https://en.wikipedia.org/wiki/Salem,_Oregon"
"Salem, South Carolina",Salem,"https://en.wikipedia.org/wiki/Salem,_South_Carolina"
"Salem, South Dakota",Salem,"https://en.wikipedia.org/wiki/Salem,_South_Dakota"
"Salem, Utah",Salem,"https://en.wikipedia.org/wiki/Salem,_Utah"
"Salem, Virginia",Salem,"https://en.wikipedia.org/wiki/Salem,_Virginia"
"Salem, West Virginia",Salem,"https://en.wikipedia.org/wiki/Salem,_West_Virginia"
"Salem, Kenosha County, Wisconsin",Salem,"https://en.wikipedia.org/wiki/Salem,_Kenosha_County,_Wisconsin"
"Madison, Alabama",Madison,"https://en.wikipedia.org/wiki/Madison,_Alabama"
"Madison, Arkansas",Madison,"https://en.wikipedia.org/wiki/Madison,_Arkansas"
"Madison, Connecticut",Madison,"https://en.wikipedia.org/wiki/Madison,_Connecticut"
"Madison, Florida",Madison,"https://en.wikipedia.org/wiki/Madison,_Florida"
"Madison, Georgia",Madison,"https://en.wikipedia.org/wiki/Madison,_Georgia"
"Madison, Illinois",Madison,"https://en.wikipedia.org/wiki/Madison,_Illinois"
"Madison, Indiana",Madison,"https://en.wikipedia.org/wiki/Madison,_Indiana"
"Madison, Kansas",Madison,"https://en.wikipedia.org/wiki/Madison,_Kansas"
"Madison, Maine",Madison,"https://en.wikipedia.org/wiki/Madison,_Maine"
"Madison, Minnesota",Madison,"https://en.wikipedia.org/wiki/Madison,_Minnesota"
"Madison, Mississippi",Madison,"https://en.wikipedia.org/wiki/Madison,_Mississippi"
"Madison, Missouri",Madison,"https://en.wikipedia.org/wiki/Madison,_Missouri"
"Madison, Nebraska",Madison,"https://en.wikipedia.org/wiki/Madison,_Nebraska"
"Madison, New Hampshire",Madison,"https://en.wikipedia.org/wiki/Madison,_New_Hampshire"
"Madison, New Jersey",Madison,"https://en.wikipedia.org/wiki/Madison,_New_Jersey"
"Madison, New York",Madison,"https://en.wikipedia.org/wiki/Madison_(village),_New_York"
"Madison, North Carolina",Madison,"https://en.wikipedia.org/wiki/Madison,_North_Carolina"
"Madison, Ohio",Madison,"https://en.wikipedia.org/wiki/Madison,_Ohio"
"Madison, Pennsylvania",Madison,"https://en.wikipedia.org/wiki/Madison,_Pennsylvania"
"Madison, South Dakota",Madison,"https://en.wikipedia.org/wiki/Madison,_South_Dakota"
"Madison, Virginia",Madison,"https://en.wikipedia.org/wiki/Madison,_Virginia"
"Madison, West Virginia",Madison,"https://en.wikipedia.org/wiki/Madison,_West_Virginia"
"Madison, Wisconsin",Madison,"https://en.wikipedia.org/wiki/Madison,_Wisconsin"
"Georgetown, Arkansas",Georgetown,"https://en.wikipedia.org/wiki/Georgetown,_Arkansas"
"Georgetown, California",Georgetown,"https://en.wikipedia.org/wiki/Georgetown,_California"
"Georgetown, Colorado",Georgetown,"https://en.wikipedia.org/wiki/Georgetown,_Colorado"
"Georgetown, Connecticut",Georgetown,"https://en.wikipedia.org/wiki/Georgetown,_Connecticut"
"Georgetown, Delaware",Georgetown,"https://en.wikipedia.org/wiki/Georgetown,_Delaware"
"Georgetown, Chatham County, Georgia",Georgetown,"https://en.wikipedia.org/wiki/Georgetown,_Chatham_County,_Georgia"
"Georgetown, Quitman County, Georgia",Georgetown,"https://en.wikipedia.org/wiki/Georgetown,_Quitman_County,_Georgia"
"Georgetown, Idaho",Georgetown,"https://en.wikipedia.org/wiki/Georgetown,_Idaho"
"Georgetown, Illinois",Georgetown,"https://en.wikipedia.org/wiki/Georgetown,_Illinois"
"Georgetown, Floyd County, Indiana",Georgetown,"https://en.wikipedia.org/wiki/Georgetown,_Floyd_County,_Indiana"
"Georgetown, St. Joseph County, Indiana",Georgetown,"https://en.wikipedia.org/wiki/Georgetown,_St._Joseph_County,_Indiana"
"Georgetown, Kentucky",Georgetown,"https://en.wikipedia.org/wiki/Georgetown,_Kentucky"
"Georgetown, Louisiana",Georgetown,"https://en.wikipedia.org/wiki/Georgetown,_Louisiana"
"Georgetown, Maine",Georgetown,"https://en.wikipedia.org/wiki/Georgetown,_Maine"
"Georgetown, Massachusetts",Georgetown,"https://en.wikipedia.org/wiki/Georgetown,_Massachusetts"
"Georgetown, Minnesota",Georgetown,"https://en.wikipedia.org/wiki/Georgetown,_Minnesota"
"Georgetown, Mississippi",Georgetown,"https://en.wikipedia.org/wiki/Georgetown,_Mississippi"
"Georgetown, New York",Georgetown,"https://en.wikipedia.org/wiki/Georgetown,_New_York"
"Georgetown, Ohio",Georgetown,"https://en.wikipedia.org/wiki/Georgetown,_Ohio"
"Georgetown, Beaver County, Pennsylvania",Georgetown,"https://en.wikipedia.org/wiki/Georgetown,_Beaver_County,_Pennsylvania"
"Georgetown, South Carolina",Georgetown,"https://en.wikipedia.org/wiki/Georgetown,_South_Carolina"
"Georgetown, Tennessee",Georgetown,"https://en.wikipedia.org/wiki/Georgetown,_Tennessee"
"Georgetown, Texas",Georgetown,"https://en.wikipedia.org/wiki/Georgetown,_Texas"
"Georgetown, Washington DC",Georgetown,"https://en.wikipedia.org/wiki/Georgetown,_Washington_DC"
"Arlington, Arizona",Arlington,"https://en.wikipedia.org/wiki/Arlington,_Arizona"
"Arlington, Georgia",Arlington,"https://en.wikipedia.org/wiki/Arlington,_Georgia"
"Arlington, Illinois",Arlington,"https://en.wikipedia.org/wiki/Arlington,_Illinois"
"Arlington, Iowa",Arlington,"https://en.wikipedia.org/wiki/Arlington,_Iowa"
"Arlington, Kansas",Arlington,"https://en.wikipedia.org/wiki/Arlington,_Kansas"
"Arlington, Kentucky",Arlington,"https://en.wikipedia.org/wiki/Arlington,_Kentucky"
"Arlington, Massachusetts",Arlington,"https://en.wikipedia.org/wiki/Arlington,_Massachusetts"
"Arlington, Minnesota",Arlington,"https://en.wikipedia.org/wiki/Arlington,_Minnesota"
"Arlington, Nebraska",Arlington,"https://en.wikipedia.org/wiki/Arlington,_Nebraska"
"Arlington, New York",Arlington,"https://en.wikipedia.org/wiki/Arlington,_New_York"
"Arlington, North Carolina",Arlington,"https://en.wikipedia.org/wiki/Arlington,_North_Carolina"
"Arlington, Ohio",Arlington,"https://en.wikipedia.org/wiki/Arlington,_Ohio"
"Arlington, Oregon",Arlington,"https://en.wikipedia.org/wiki/Arlington,_Oregon"
"Arlington, South Dakota",Arlington,"https://en.wikipedia.org/wiki/Arlington,_South_Dakota"
"Arlington, Tennessee",Arlington,"https://en.wikipedia.org/wiki/Arlington,_Tennessee"
"Arlington, Texas",Arlington,"https://en.wikipedia.org/wiki/Arlington,_Texas"
"Arlington, Vermont",Arlington,"https://en.wikipedia.org/wiki/Arlington,_Vermont"
"Arlington, Northampton County, Virginia",Arlington,"https://en.wikipedia.org/wiki/Arlington,_Northampton_County,_Virginia"
"Arlington, Washington",Arlington,"https://en.wikipedia.org/wiki/Arlington,_Washington"
"Arlington, Wisconsin",Arlington,"https://en.wikipedia.org/wiki/Arlington,_Wisconsin"
"Arlington, Wyoming",Arlington,"https://en.wikipedia.org/wiki/Arlington,_Wyoming"
"Ashland, Alabama",Ashland,"https://en.wikipedia.org/wiki/Ashland,_Alabama"
"Ashland, California",Ashland,"https://en.wikipedia.org/wiki/Ashland,_California"
"Ashland, Illinois",Ashland,"https://en.wikipedia.org/wiki/Ashland,_Illinois"
"Ashland, Kansas",Ashland,"https://en.wikipedia.org/wiki/Ashland,_Kansas"
"Ashland, Kentucky",Ashland,"https://en.wikipedia.org/wiki/Ashland,_Kentucky"
"Ashland, Maine",Ashland,"https://en.wikipedia.org/wiki/Ashland,_Maine"
"Ashland, Massachusetts",Ashland,"https://en.wikipedia.org/wiki/Ashland,_Massachusetts"
"Ashland, Mississippi",Ashland,"https://en.wikipedia.org/wiki/Ashland,_Mississippi"
"Ashland, Missouri",Ashland,"https://en.wikipedia.org/wiki/Ashland,_Missouri"
"Ashland, Montana",Ashland,"https://en.wikipedia.org/wiki/Ashland,_Montana"
"Ashland, Nebraska",Ashland,"https://en.wikipedia.org/wiki/Ashland,_Nebraska"
"Ashland, New Hampshire",Ashland,"https://en.wikipedia.org/wiki/Ashland,_New_Hampshire"
"Ashland, New Jersey",Ashland,"https://en.wikipedia.org/wiki/Ashland,_New_Jersey"
"Ashland, Chemung County, New York",Ashland,"https://en.wikipedia.org/wiki/Ashland,_Chemung_County,_New_York"
"Ashland, Greene County, New York",Ashland,"https://en.wikipedia.org/wiki/Ashland,_Greene_County,_New_York"
"Ashland, Ohio",Ashland,"https://en.wikipedia.org/wiki/Ashland,_Ohio"
"Ashland, Oklahoma",Ashland,"https://en.wikipedia.org/wiki/Ashland,_Oklahoma"
"Ashland, Oregon",Ashland,"https://en.wikipedia.org/wiki/Ashland,_Oregon"
"Ashland, Pennsylvania",Ashland,"https://en.wikipedia.org/wiki/Ashland,_Pennsylvania"
"Ashland, Virginia",Ashland,"https://en.wikipedia.org/wiki/Ashland,_Virginia"
"Ashland, Wisconsin",Ashland,"https://en.wikipedia.org/wiki/Ashland,_Wisconsin"
"Dover, Arkansas",Dover,"https://en.wikipedia.org/wiki/Dover,_Arkansas"
"Dover, Delaware",Dover,"https://en.wikipedia.org/wiki/Dover,_Delaware"
"Dover, Florida",Dover,"https://en.wikipedia.org/wiki/Dover,_Florida"
"Dover, Idaho",Dover,"https://en.wikipedia.org/wiki/Dover,_Idaho"
"Dover, Illinois",Dover,"https://en.wikipedia.org/wiki/Dover,_Illinois"
"Dover, Kentucky",Dover,"https://en.wikipedia.org/wiki/Dover,_Kentucky"
"Dover, Massachusetts",Dover,"https://en.wikipedia.org/wiki/Dover,_Massachusetts"
"Dover Township, Michigan (Lake County)",Dover,"https://en.wikipedia.org/wiki/Dover_Township,_Lake_County,_Michigan"
"Dover Township, Michigan (Lenawee County)",Dover,"https://en.wikipedia.org/wiki/Dover_Township,_Lenawee_County,_Michigan"
"Dover Township, Michigan (Otsego County)",Dover,"https://en.wikipedia.org/wiki/Dover_Township,_Otsego_County,_Michigan"
"Dover, Minnesota",Dover,"https://en.wikipedia.org/wiki/Dover,_Minnesota"
"Dover, Missouri",Dover,"https://en.wikipedia.org/wiki/Dover,_Missouri"
"Dover, New Hampshire",Dover,"https://en.wikipedia.org/wiki/Dover,_New_Hampshire"
"Dover, New Jersey",Dover,"https://en.wikipedia.org/wiki/Dover,_New_Jersey"
"Dover, North Carolina",Dover,"https://en.wikipedia.org/wiki/Dover,_North_Carolina"
"Dover, Ohio",Dover,"https://en.wikipedia.org/wiki/Dover,_Ohio"
"Dover, Oklahoma",Dover,"https://en.wikipedia.org/wiki/Dover,_Oklahoma"
"Dover, Pennsylvania",Dover,"https://en.wikipedia.org/wiki/Dover,_Pennsylvania"
"Dover, Tennessee",Dover,"https://en.wikipedia.org/wiki/Dover,_Tennessee"
"Dover, Vermont",Dover,"https://en.wikipedia.org/wiki/Dover,_Vermont"
"Oxford, Alabama",Oxford,"https://en.wikipedia.org/wiki/Oxford,_Alabama"
"Oxford, Arkansas",Oxford,"https://en.wikipedia.org/wiki/Oxford,_Arkansas"
"Oxford, Connecticut",Oxford,"https://en.wikipedia.org/wiki/Oxford,_Connecticut"
"Oxford, Florida",Oxford,"https://en.wikipedia.org/wiki/Oxford,_Florida"
"Oxford, Georgia",Oxford,"https://en.wikipedia.org/wiki/Oxford,_Georgia"
"Oxford, Idaho",Oxford,"https://en.wikipedia.org/wiki/Oxford,_Idaho"
"Oxford, Indiana",Oxford,"https://en.wikipedia.org/wiki/Oxford,_Indiana"
"Oxford, Iowa",Oxford,"https://en.wikipedia.org/wiki/Oxford,_Iowa"
"Oxford, Kansas",Oxford,"https://en.wikipedia.org/wiki/Oxford,_Kansas"
"Oxford, Kentucky",Oxford,"https://en.wikipedia.org/wiki/Oxford,_Kentucky"
"Oxford, Maine",Oxford,"https://en.wikipedia.org/wiki/Oxford,_Maine"
"Oxford, Maryland",Oxford,"https://en.wikipedia.org/wiki/Oxford,_Maryland"
"Oxford, Massachusetts",Oxford,"https://en.wikipedia.org/wiki/Oxford,_Massachusetts"
"Oxford, Michigan",Oxford,"https://en.wikipedia.org/wiki/Oxford,_Michigan"
"Oxford, Mississippi",Oxford,"https://en.wikipedia.org/wiki/Oxford,_Mississippi"
"Oxford, Missouri",Oxford,"https://en.wikipedia.org/wiki/Oxford,_Missouri"
"Oxford, Nebraska",Oxford,"https://en.wikipedia.org/wiki/Oxford,_Nebraska"
"Oxford, New Jersey",Oxford,"https://en.wikipedia.org/wiki/Oxford_CDP,_New_Jersey"
"Oxford, New York",Oxford,"https://en.wikipedia.org/wiki/Oxford_(village),_New_York"
"Oxford, North Carolina",Oxford,"https://en.wikipedia.org/wiki/Oxford,_North_Carolina"
"Oxford, Ohio",Oxford,"https://en.wikipedia.org/wiki/Oxford,_Ohio"
"Oxford, Pennsylvania",Oxford,"https://en.wikipedia.org/wiki/Oxford,_Pennsylvania"
"Oxford, Wisconsin",Oxford,"https://en.wikipedia.org/wiki/Oxford,_Wisconsin"
"Jackson, Alabama",Jackson,"https://en.wikipedia.org/wiki/Jackson,_Alabama"
"Jackson, California",Jackson,"https://en.wikipedia.org/wiki/Jackson,_California"
"Jackson, Georgia",Jackson,"https://en.wikipedia.org/wiki/Jackson,_Georgia"
"Jackson, Kentucky",Jackson,"https://en.wikipedia.org/wiki/Jackson,_Kentucky"
"Jackson, Louisiana",Jackson,"https://en.wikipedia.org/wiki/Jackson,_Louisiana"
"Jackson, Maine",Jackson,"https://en.wikipedia.org/wiki/Jackson,_Maine"
"Jackson, Michigan",Jackson,"https://en.wikipedia.org/wiki/Jackson,_Michigan"
"Jackson, Minnesota",Jackson,"https://en.wikipedia.org/wiki/Jackson,_Minnesota"
"Jackson, Mississippi",Jackson,"https://en.wikipedia.org/wiki/Jackson,_Mississippi"
"Jackson, Missouri",Jackson,"https://en.wikipedia.org/wiki/Jackson,_Missouri"
"Jackson, Montana",Jackson,"https://en.wikipedia.org/wiki/Jackson,_Montana"
"Jackson, Nebraska",Jackson,"https://en.wikipedia.org/wiki/Jackson,_Nebraska"
"Jackson, New Hampshire",Jackson,"https://en.wikipedia.org/wiki/Jackson,_New_Hampshire"
"Jackson, New Jersey",Jackson,"https://en.wikipedia.org/wiki/Jackson,_New_Jersey"
"Jackson, North Carolina",Jackson,"https://en.wikipedia.org/wiki/Jackson,_North_Carolina"
"Jackson, Ohio",Jackson,"https://en.wikipedia.org/wiki/Jackson,_Ohio"
"Jackson, South Carolina",Jackson,"https://en.wikipedia.org/wiki/Jackson,_South_Carolina"
"Fort Jackson, South Carolina",Jackson,https://en.wikipedia.org/wiki/Fort_Jackson_(South_Carolina)
"Jackson, Tennessee",Jackson,"https://en.wikipedia.org/wiki/Jackson,_Tennessee"
"Jackson, Wyoming",Jackson,"https://en.wikipedia.org/wiki/Jackson,_Wyoming"
"Burlington, Colorado",Burlington,"https://en.wikipedia.org/wiki/Burlington,_Colorado"
"Burlington, Connecticut",Burlington,"https://en.wikipedia.org/wiki/Burlington,_Connecticut"
"Burlington, Illinois",Burlington,"https://en.wikipedia.org/wiki/Burlington,_Illinois"
"Burlington, Indiana",Burlington,"https://en.wikipedia.org/wiki/Burlington,_Indiana"
"Burlington, Iowa",Burlington,"https://en.wikipedia.org/wiki/Burlington,_Iowa"
"Burlington, Kansas",Burlington,"https://en.wikipedia.org/wiki/Burlington,_Kansas"
"Burlington, Kentucky",Burlington,"https://en.wikipedia.org/wiki/Burlington,_Kentucky"
"Burlington, Maine",Burlington,"https://en.wikipedia.org/wiki/Burlington,_Maine"
"Burlington, Massachusetts",Burlington,"https://en.wikipedia.org/wiki/Burlington,_Massachusetts"
"Burlington, Michigan",Burlington,"https://en.wikipedia.org/wiki/Burlington,_Michigan"
"Burlington, New Jersey",Burlington,"https://en.wikipedia.org/wiki/Burlington,_New_Jersey"
"Burlington, New York",Burlington,"https://en.wikipedia.org/wiki/Burlington,_New_York"
"Burlington, North Carolina",Burlington,"https://en.wikipedia.org/wiki/Burlington,_North_Carolina"
"Burlington, North Dakota",Burlington,"https://en.wikipedia.org/wiki/Burlington,_North_Dakota"
"Burlington, Ohio",Burlington,"https://en.wikipedia.org/wiki/Burlington,_Ohio"
"Burlington, Oklahoma",Burlington,"https://en.wikipedia.org/wiki/Burlington,_Oklahoma"
"Burlington, Pennsylvania",Burlington,"https://en.wikipedia.org/wiki/Burlington,_Pennsylvania"
"Burlington, Vermont",Burlington,"https://en.wikipedia.org/wiki/Burlington,_Vermont"
"Burlington, Washington",Burlington,"https://en.wikipedia.org/wiki/Burlington,_Washington"
"Burlington, Wisconsin",Burlington,"https://en.wikipedia.org/wiki/Burlington,_Wisconsin"
"Burlington, Wyoming",Burlington,"https://en.wikipedia.org/wiki/Burlington,_Wyoming"
"Manchester, Connecticut",Manchester,"https://en.wikipedia.org/wiki/Manchester,_Connecticut"
"Manchester, Georgia",Manchester,"https://en.wikipedia.org/wiki/Manchester,_Georgia"
"Manchester, Illinois",Manchester,"https://en.wikipedia.org/wiki/Manchester,_Illinois"
"Manchester, Iowa",Manchester,"https://en.wikipedia.org/wiki/Manchester,_Iowa"
"Manchester, Kansas",Manchester,"https://en.wikipedia.org/wiki/Manchester,_Kansas"
"Manchester, Kentucky",Manchester,"https://en.wikipedia.org/wiki/Manchester,_Kentucky"
"Manchester, Maine",Manchester,"https://en.wikipedia.org/wiki/Manchester,_Maine"
"Manchester, Maryland",Manchester,"https://en.wikipedia.org/wiki/Manchester,_Maryland"
"Manchester, Michigan",Manchester,"https://en.wikipedia.org/wiki/Manchester,_Michigan"
"Manchester, Minnesota",Manchester,"https://en.wikipedia.org/wiki/Manchester,_Minnesota"
"Manchester, Missouri",Manchester,"https://en.wikipedia.org/wiki/Manchester,_Missouri"
"Manchester, New Hampshire",Manchester,"https://en.wikipedia.org/wiki/Manchester,_New_Hampshire"
"Manchester, New Jersey",Manchester,"https://en.wikipedia.org/wiki/Manchester,_New_Jersey"
"Manchester, New York",Manchester,"https://en.wikipedia.org/wiki/Manchester_(village),_New_York"
"Manchester, Ohio",Manchester,"https://en.wikipedia.org/wiki/Manchester,_Ohio"
"Manchester, Oklahoma",Manchester,"https://en.wikipedia.org/wiki/Manchester,_Oklahoma"
"Manchester, Pennsylvania",Manchester,"https://en.wikipedia.org/wiki/Manchester,_Pennsylvania"
"Manchester, Tennessee",Manchester,"https://en.wikipedia.org/wiki/Manchester,_Tennessee"
"Manchester, Vermont",Manchester,"https://en.wikipedia.org/wiki/Manchester,_Vermont"
"Manchester, Virginia",Manchester,"https://en.wikipedia.org/wiki/Manchester,_Richmond,_Virginia"
"Manchester, Washington",Manchester,"https://en.wikipedia.org/wiki/Manchester,_Washington"
"Milton, Delaware",Milton,"https://en.wikipedia.org/wiki/Milton,_Delaware"
"Milton, Florida",Milton,"https://en.wikipedia.org/wiki/Milton,_Florida"
"Milton, Georgia",Milton,"https://en.wikipedia.org/wiki/Milton,_Georgia"
"Milton, Illinois",Milton,"https://en.wikipedia.org/wiki/Milton,_Illinois"
"Milton, Indiana",Milton,"https://en.wikipedia.org/wiki/Milton,_Indiana"
"Milton, Iowa",Milton,"https://en.wikipedia.org/wiki/Milton,_Iowa"
"Milton, Kentucky",Milton,"https://en.wikipedia.org/wiki/Milton,_Kentucky"
"Milton, Louisiana",Milton,"https://en.wikipedia.org/wiki/Milton,_Louisiana"
"Milton, Massachusetts",Milton,"https://en.wikipedia.org/wiki/Milton,_Massachusetts"
"Milton, New Hampshire",Milton,"https://en.wikipedia.org/wiki/Milton,_New_Hampshire"
"Milton, Saratoga County, New York",Milton,"https://en.wikipedia.org/wiki/Milton_(CDP),_Saratoga_County,_New_York"
"Milton, Ulster County, New York",Milton,"https://en.wikipedia.org/wiki/Milton,_Ulster_County,_New_York"
"Milton, North Carolina",Milton,"https://en.wikipedia.org/wiki/Milton,_North_Carolina"
"Milton, North Dakota",Milton,"https://en.wikipedia.org/wiki/Milton,_North_Dakota"
"Milton, Pennsylvania",Milton,"https://en.wikipedia.org/wiki/Milton,_Pennsylvania"
"Milton, Tennessee",Milton,"https://en.wikipedia.org/wiki/Milton,_Tennessee"
"Milton, Vermont",Milton,"https://en.wikipedia.org/wiki/Milton,_Vermont"
"Milton, Washington",Milton,"https://en.wikipedia.org/wiki/Milton,_Washington"
"Milton, West Virginia",Milton,"https://en.wikipedia.org/wiki/Milton,_West_Virginia"
"Milton, Wisconsin",Milton,"https://en.wikipedia.org/wiki/Milton,_Wisconsin"
"Newport, Arkansas",Newport,"https://en.wikipedia.org/wiki/Newport,_Arkansas"
"Newport, California",Newport,"https://en.wikipedia.org/wiki/Newport,_California"
"Newport, Delaware",Newport,"https://en.wikipedia.org/wiki/Newport,_Delaware"
"Newport, Indiana",Newport,"https://en.wikipedia.org/wiki/Newport,_Indiana"
"Newport, Kentucky",Newport,"https://en.wikipedia.org/wiki/Newport,_Kentucky"
"Newport, Maine",Newport,"https://en.wikipedia.org/wiki/Newport,_Maine"
"Newport, Minnesota",Newport,"https://en.wikipedia.org/wiki/Newport,_Minnesota"
"Newport, Nebraska",Newport,"https://en.wikipedia.org/wiki/Newport,_Nebraska"
"Newport, New Hampshire",Newport,"https://en.wikipedia.org/wiki/Newport,_New_Hampshire"
"Newport, New York",Newport,"https://en.wikipedia.org/wiki/Newport_(village),_New_York"
"Newport, North Carolina",Newport,"https://en.wikipedia.org/wiki/Newport,_North_Carolina"
"Newport, Oregon",Newport,"https://en.wikipedia.org/wiki/Newport,_Oregon"
"Newport, Pennsylvania",Newport,"https://en.wikipedia.org/wiki/Newport,_Pennsylvania"
"Newport, Rhode Island",Newport,"https://en.wikipedia.org/wiki/Newport,_Rhode_Island"
"Newport, South Carolina",Newport,"https://en.wikipedia.org/wiki/Newport,_South_Carolina"
"Newport, Tennessee",Newport,"https://en.wikipedia.org/wiki/Newport,_Tennessee"
"Newport, Vermont",Newport,"https://en.wikipedia.org/wiki/Newport_(city),_Vermont"
"Newport, Washington",Newport,"https://en.wikipedia.org/wiki/Newport,_Washington"
"Auburn, Alabama",Auburn,"https://en.wikipedia.org/wiki/Auburn,_Alabama"
"Auburn, California",Auburn,"https://en.wikipedia.org/wiki/Auburn,_California"
"Auburn, Georgia",Auburn,"https://en.wikipedia.org/wiki/Auburn,_Georgia"
"Auburn, Illinois",Auburn,"https://en.wikipedia.org/wiki/Auburn,_Illinois"
"Auburn, Indiana",Auburn,"https://en.wikipedia.org/wiki/Auburn,_Indiana"
"Auburn, Iowa",Auburn,"https://en.wikipedia.org/wiki/Auburn,_Iowa"
"Auburn, Kansas",Auburn,"https://en.wikipedia.org/wiki/Auburn,_Kansas"
"Auburn, Kentucky",Auburn,"https://en.wikipedia.org/wiki/Auburn,_Kentucky"
"Auburn, Maine",Auburn,"https://en.wikipedia.org/wiki/Auburn,_Maine"
"Auburn, Massachusetts",Auburn,"https://en.wikipedia.org/wiki/Auburn,_Massachusetts"
"Auburn, Michigan",Auburn,"https://en.wikipedia.org/wiki/Auburn,_Michigan"
"Auburn, Nebraska",Auburn,"https://en.wikipedia.org/wiki/Auburn,_Nebraska"
"Auburn, New Hampshire",Auburn,"https://en.wikipedia.org/wiki/Auburn,_New_Hampshire"
"Auburn, New York",Auburn,"https://en.wikipedia.org/wiki/Auburn,_New_York"
"Auburn, Pennsylvania",Auburn,"https://en.wikipedia.org/wiki/Auburn,_Pennsylvania"
"Auburn, Washington",Auburn,"https://en.wikipedia.org/wiki/Auburn,_Washington"
"Auburn, West Virginia",Auburn,"https://en.wikipedia.org/wiki/Auburn,_West_Virginia"
"Auburn, Wyoming",Auburn,"https://en.wikipedia.org/wiki/Auburn,_Wyoming"
"Centerville, Georgia",Centerville,"https://en.wikipedia.org/wiki/Centerville,_Georgia"
"Centerville, Indiana",Centerville,"https://en.wikipedia.org/wiki/Centerville,_Indiana"
"Centerville, Iowa",Centerville,"https://en.wikipedia.org/wiki/Centerville,_Iowa"
"Centerville, Massachusetts",Centerville,"https://en.wikipedia.org/wiki/Centerville,_Massachusetts"
"Centerville, Minnesota",Centerville,"https://en.wikipedia.org/wiki/Centerville,_Minnesota"
"Centerville, Missouri",Centerville,"https://en.wikipedia.org/wiki/Centerville,_Missouri"
"Centerville, North Carolina",Centerville,"https://en.wikipedia.org/wiki/Centerville,_North_Carolina"
"Centerville, Gallia County, Ohio",Centerville,"https://en.wikipedia.org/wiki/Centerville,_Gallia_County,_Ohio"
"Centerville, Montgomery County, Ohio",Centerville,"https://en.wikipedia.org/wiki/Centerville,_Montgomery_County,_Ohio"
"Centerville, Crawford County, Pennsylvania",Centerville,"https://en.wikipedia.org/wiki/Centerville,_Crawford_County,_Pennsylvania"
"Centerville, Washington County, Pennsylvania",Centerville,"https://en.wikipedia.org/wiki/Centerville,_Washington_County,_Pennsylvania"
"Centerville, South Carolina",Centerville,"https://en.wikipedia.org/wiki/Centerville,_South_Carolina"
"Centerville, South Dakota",Centerville,"https://en.wikipedia.org/wiki/Centerville,_South_Dakota"
"Centerville, Tennessee",Centerville,"https://en.wikipedia.org/wiki/Centerville,_Tennessee"
"Centerville, Texas",Centerville,"https://en.wikipedia.org/wiki/Centerville,_Texas"
"Centerville, Utah",Centerville,"https://en.wikipedia.org/wiki/Centerville,_Utah"
"Centerville, Washington",Centerville,"https://en.wikipedia.org/wiki/Centerville,_Washington"
"Clayton, Alabama",Clayton,"https://en.wikipedia.org/wiki/Clayton,_Alabama"
"Clayton, California",Clayton,"https://en.wikipedia.org/wiki/Clayton,_California"
"Clayton, Delaware",Clayton,"https://en.wikipedia.org/wiki/Clayton,_Delaware"
"Clayton, Georgia",Clayton,"https://en.wikipedia.org/wiki/Clayton,_Georgia"
"Clayton, Idaho",Clayton,"https://en.wikipedia.org/wiki/Clayton,_Idaho"
"Clayton, Illinois",Clayton,"https://en.wikipedia.org/wiki/Clayton,_Illinois"
"Clayton, Indiana",Clayton,"https://en.wikipedia.org/wiki/Clayton,_Indiana"
"Clayton, Iowa",Clayton,"https://en.wikipedia.org/wiki/Clayton,_Iowa"
"Clayton, Kansas",Clayton,"https://en.wikipedia.org/wiki/Clayton,_Kansas"
"Clayton, Louisiana",Clayton,"https://en.wikipedia.org/wiki/Clayton,_Louisiana"
"Clayton, Michigan",Clayton,"https://en.wikipedia.org/wiki/Clayton,_Michigan"
"Clayton, Missouri",Clayton,"https://en.wikipedia.org/wiki/Clayton,_Missouri"
"Clayton, New Jersey",Clayton,"https://en.wikipedia.org/wiki/Clayton,_New_Jersey"
"Clayton, New Mexico",Clayton,"https://en.wikipedia.org/wiki/Clayton,_New_Mexico"
"Clayton, New York",Clayton,"https://en.wikipedia.org/wiki/Clayton_(village),_New_York"
"Clayton, North Carolina",Clayton,"https://en.wikipedia.org/wiki/Clayton,_North_Carolina"
"Clayton, Ohio",Clayton,"https://en.wikipedia.org/wiki/Clayton,_Ohio"
"Clayton, Oklahoma",Clayton,"https://en.wikipedia.org/wiki/Clayton,_Oklahoma"
"Dayton, Alabama",Dayton,"https://en.wikipedia.org/wiki/Dayton,_Alabama"
"Dayton, Idaho",Dayton,"https://en.wikipedia.org/wiki/Dayton,_Idaho"
"Dayton, Indiana",Dayton,"https://en.wikipedia.org/wiki/Dayton,_Indiana"
"Dayton, Iowa",Dayton,"https://en.wikipedia.org/wiki/Dayton,_Iowa"
"Dayton, Kentucky",Dayton,"https://en.wikipedia.org/wiki/Dayton,_Kentucky"
"Dayton, Maine",Dayton,"https://en.wikipedia.org/wiki/Dayton,_Maine"
"Dayton, Minnesota",Dayton,"https://en.wikipedia.org/wiki/Dayton,_Minnesota"
"Dayton, Montana",Dayton,"https://en.wikipedia.org/wiki/Dayton,_Montana"
"Dayton, Nevada",Dayton,"https://en.wikipedia.org/wiki/Dayton,_Nevada"
"Dayton, New Jersey",Dayton,"https://en.wikipedia.org/wiki/Dayton,_New_Jersey"
"Dayton, New York",Dayton,"https://en.wikipedia.org/wiki/Dayton,_New_York"
"Dayton, Ohio",Dayton,"https://en.wikipedia.org/wiki/Dayton,_Ohio"
"Dayton, Oregon",Dayton,"https://en.wikipedia.org/wiki/Dayton,_Oregon"
"Dayton, Pennsylvania",Dayton,"https://en.wikipedia.org/wiki/Dayton,_Pennsylvania"
"Dayton, Tennessee",Dayton,"https://en.wikipedia.org/wiki/Dayton,_Tennessee"
"Dayton, Texas",Dayton,"https://en.wikipedia.org/wiki/Dayton,_Texas"
"Dayton, Virginia",Dayton,"https://en.wikipedia.org/wiki/Dayton,_Virginia"
"Dayton, Washington",Dayton,"https://en.wikipedia.org/wiki/Dayton,_Washington"
"Dayton, Wyoming",Dayton,"https://en.wikipedia.org/wiki/Dayton,_Wyoming"
"Lexington, Alabama",Lexington,"https://en.wikipedia.org/wiki/Lexington,_Alabama"
"Lexington, Georgia",Lexington,"https://en.wikipedia.org/wiki/Lexington,_Georgia"
"Lexington, Illinois",Lexington,"https://en.wikipedia.org/wiki/Lexington,_Illinois"
"Lexington, Kentucky",Lexington,"https://en.wikipedia.org/wiki/Lexington,_Kentucky"
"Lexington, Massachusetts",Lexington,"https://en.wikipedia.org/wiki/Lexington,_Massachusetts"
"Lexington, Michigan",Lexington,"https://en.wikipedia.org/wiki/Lexington,_Michigan"
"Lexington, Minnesota",Lexington,"https://en.wikipedia.org/wiki/Lexington,_Minnesota"
"Lexington, Mississippi",Lexington,"https://en.wikipedia.org/wiki/Lexington,_Mississippi"
"Lexington, Missouri",Lexington,"https://en.wikipedia.org/wiki/Lexington,_Missouri"
"Lexington, Nebraska",Lexington,"https://en.wikipedia.org/wiki/Lexington,_Nebraska"
"Lexington, New York",Lexington,"https://en.wikipedia.org/wiki/Lexington,_New_York"
"Lexington, Ohio",Lexington,"https://en.wikipedia.org/wiki/Lexington,_Ohio"
"Lexington, Oklahoma",Lexington,"https://en.wikipedia.org/wiki/Lexington,_Oklahoma"
"Lexington, Oregon",Lexington,"https://en.wikipedia.org/wiki/Lexington,_Oregon"
"Lexington, South Carolina",Lexington,"https://en.wikipedia.org/wiki/Lexington,_South_Carolina"
"Lexington, Tennessee",Lexington,"https://en.wikipedia.org/wiki/Lexington,_Tennessee"
"Lexington, Texas",Lexington,"https://en.wikipedia.org/wiki/Lexington,_Texas"
"Lexington, Virginia",Lexington,"https://en.wikipedia.org/wiki/Lexington,_Virginia"
"Milford, Connecticut",Milford,"https://en.wikipedia.org/wiki/Milford,_Connecticut"
"Milford, Delaware",Milford,"https://en.wikipedia.org/wiki/Milford,_Delaware"
"Milford, Illinois",Milford,"https://en.wikipedia.org/wiki/Milford,_Illinois"
"Milford, Kosciusko County, Indiana",Milford,"https://en.wikipedia.org/wiki/Milford,_Kosciusko_County,_Indiana"
"Milford, Iowa",Milford,"https://en.wikipedia.org/wiki/Milford,_Iowa"
"Milford, Kansas",Milford,"https://en.wikipedia.org/wiki/Milford,_Kansas"
"Milford, Maine",Milford,"https://en.wikipedia.org/wiki/Milford,_Maine"
"Milford, Massachusetts",Milford,"https://en.wikipedia.org/wiki/Milford,_Massachusetts"
"Milford, Michigan",Milford,"https://en.wikipedia.org/wiki/Milford,_Michigan"
"Milford, Missouri",Milford,"https://en.wikipedia.org/wiki/Milford,_Missouri"
"Milford, Nebraska",Milford,"https://en.wikipedia.org/wiki/Milford,_Nebraska"
"Milford, New Hampshire",Milford,"https://en.wikipedia.org/wiki/Milford,_New_Hampshire"
"Milford, New Jersey",Milford,"https://en.wikipedia.org/wiki/Milford,_New_Jersey"
"Milford, New York",Milford,"https://en.wikipedia.org/wiki/Milford_(village),_New_York"
"Milford, Ohio",Milford,"https://en.wikipedia.org/wiki/Milford,_Ohio"
"Milford, Pennsylvania",Milford,"https://en.wikipedia.org/wiki/Milford,_Pennsylvania"
"Milford, Texas",Milford,"https://en.wikipedia.org/wiki/Milford,_Texas"
"Milford, Utah",Milford,"https://en.wikipedia.org/wiki/Milford,_Utah"
"Mount Vernon, Alabama",Mount Vernon,"https://en.wikipedia.org/wiki/Mount_Vernon,_Alabama"
"Mount Vernon, Arkansas",Mount Vernon,"https://en.wikipedia.org/wiki/Mount_Vernon,_Arkansas"
"Mount Vernon, Georgia",Mount Vernon,"https://en.wikipedia.org/wiki/Mount_Vernon,_Georgia"
"Mount Vernon, Illinois",Mount Vernon,"https://en.wikipedia.org/wiki/Mount_Vernon,_Illinois"
"Mount Vernon, Indiana",Mount Vernon,"https://en.wikipedia.org/wiki/Mount_Vernon,_Indiana"
"Mount Vernon, Iowa",Mount Vernon,"https://en.wikipedia.org/wiki/Mount_Vernon,_Iowa"
"Mount Vernon, Kentucky",Mount Vernon,"https://en.wikipedia.org/wiki/Mount_Vernon,_Kentucky"
"Mount Vernon, Maine",Mount Vernon,"https://en.wikipedia.org/wiki/Mount_Vernon,_Maine"
"Mount Vernon, Maryland",Mount Vernon,"https://en.wikipedia.org/wiki/Mount_Vernon,_Maryland"
"Mount Vernon, Missouri",Mount Vernon,"https://en.wikipedia.org/wiki/Mount_Vernon,_Missouri"
"Mount Vernon, New Hampshire",Mount Vernon,"https://en.wikipedia.org/wiki/Mount_Vernon,_New_Hampshire"
"Mount Vernon, New York",Mount Vernon,"https://en.wikipedia.org/wiki/Mount_Vernon,_New_York"
"Mount Vernon, Ohio",Mount Vernon,"https://en.wikipedia.org/wiki/Mount_Vernon,_Ohio"
"Mount Vernon, Oregon",Mount Vernon,"https://en.wikipedia.org/wiki/Mount_Vernon,_Oregon"
"Mount Vernon, South Dakota",Mount Vernon,"https://en.wikipedia.org/wiki/Mount_Vernon,_South_Dakota"
"Mount Vernon, Texas",Mount Vernon,"https://en.wikipedia.org/wiki/Mount_Vernon,_Texas"
"Mount Vernon, Washington",Mount Vernon,"https://en.wikipedia.org/wiki/Mount_Vernon,_Washington"
"Oakland, California",Oakland,"https://en.wikipedia.org/wiki/Oakland,_California"
"Oakland, Florida",Oakland,"https://en.wikipedia.org/wiki/Oakland,_Florida"
"Oakland, Illinois",Oakland,"https://en.wikipedia.org/wiki/Oakland,_Illinois"
"Oakland, Iowa",Oakland,"https://en.wikipedia.org/wiki/Oakland,_Iowa"
"Oakland, Kentucky",Oakland,"https://en.wikipedia.org/wiki/Oakland,_Kentucky_(disambiguation)"
"Oakland, Maine",Oakland,"https://en.wikipedia.org/wiki/Oakland,_Maine"
"Oakland, Maryland",Oakland,"https://en.wikipedia.org/wiki/Oakland,_Maryland"
"Oakland Township, Michigan (Oakland County)",Oakland,"https://en.wikipedia.org/wiki/Oakland_Township,_Oakland_County,_Michigan"
"Oakland, Mississippi",Oakland,"https://en.wikipedia.org/wiki/Oakland,_Mississippi"
"Oakland, Missouri",Oakland,"https://en.wikipedia.org/wiki/Oakland,_Missouri"
"Oakland, Nebraska",Oakland,"https://en.wikipedia.org/wiki/Oakland,_Nebraska"
"Oakland, New Jersey",Oakland,"https://en.wikipedia.org/wiki/Oakland,_New_Jersey"
"Oakland, Ohio",Oakland,"https://en.wikipedia.org/wiki/Oakland,_Ohio"
"Oakland, Oklahoma",Oakland,"https://en.wikipedia.org/wiki/Oakland,_Oklahoma"
"Oakland, Oregon",Oakland,"https://en.wikipedia.org/wiki/Oakland,_Oregon"
"Oakland, Lawrence County, Pennsylvania",Oakland,"https://en.wikipedia.org/wiki/Oakland,_Lawrence_County,_Pennsylvania"
"Oakland, Susquehanna County, Pennsylvania",Oakland,"https://en.wikipedia.org/wiki/Oakland,_Susquehanna_County,_Pennsylvania"
"Oakland, South Carolina",Oakland,"https://en.wikipedia.org/wiki/Oakland,_South_Carolina"
"Oakland, Tennessee",Oakland,"https://en.wikipedia.org/wiki/Oakland,_Tennessee"
"Winchester, Arkansas",Winchester,"https://en.wikipedia.org/wiki/Winchester,_Arkansas"
"Winchester, California",Winchester,"https://en.wikipedia.org/wiki/Winchester,_California"
"Winchester, Connecticut",Winchester,"https://en.wikipedia.org/wiki/Winchester,_Connecticut"
"Winchester, Idaho",Winchester,"https://en.wikipedia.org/wiki/Winchester,_Idaho"
"Winchester, Illinois",Winchester,"https://en.wikipedia.org/wiki/Winchester,_Illinois"
"Winchester, Indiana",Winchester,"https://en.wikipedia.org/wiki/Winchester,_Indiana"
"Winchester, Kansas",Winchester,"https://en.wikipedia.org/wiki/Winchester,_Kansas"
"Winchester, Kentucky",Winchester,"https://en.wikipedia.org/wiki/Winchester,_Kentucky"
"Winchester, Massachusetts",Winchester,"https://en.wikipedia.org/wiki/Winchester,_Massachusetts"
"Winchester, Missouri",Winchester,"https://en.wikipedia.org/wiki/Winchester,_Missouri"
"Winchester, Nevada",Winchester,"https://en.wikipedia.org/wiki/Winchester,_Nevada"
"Winchester, New Hampshire",Winchester,"https://en.wikipedia.org/wiki/Winchester,_New_Hampshire"
"Winchester, Ohio",Winchester,"https://en.wikipedia.org/wiki/Winchester,_Ohio"
"Winchester, Oklahoma",Winchester,"https://en.wikipedia.org/wiki/Winchester,_Oklahoma"
"Winchester, Tennessee",Winchester,"https://en.wikipedia.org/wiki/Winchester,_Tennessee"
"Winchester, Virginia",Winchester,"https://en.wikipedia.org/wiki/Winchester,_Virginia"
"Cleveland, Alabama",Cleveland,"https://en.wikipedia.org/wiki/Cleveland,_Alabama"
"Cleveland, Florida",Cleveland,"https://en.wikipedia.org/wiki/Cleveland,_Florida"
"Cleveland, Georgia",Cleveland,"https://en.wikipedia.org/wiki/Cleveland,_Georgia"
"Cleveland, Illinois",Cleveland,"https://en.wikipedia.org/wiki/Cleveland,_Illinois"
"Cleveland, Minnesota",Cleveland,"https://en.wikipedia.org/wiki/Cleveland,_Minnesota"
"Cleveland, Mississippi",Cleveland,"https://en.wikipedia.org/wiki/Cleveland,_Mississippi"
"Cleveland, Missouri",Cleveland,"https://en.wikipedia.org/wiki/Cleveland,_Missouri"
"Cleveland, New York",Cleveland,"https://en.wikipedia.org/wiki/Cleveland,_New_York"
"Cleveland, North Carolina",Cleveland,"https://en.wikipedia.org/wiki/Cleveland,_North_Carolina"
"Cleveland, North Dakota",Cleveland,"https://en.wikipedia.org/wiki/Cleveland,_North_Dakota"
"Cleveland, Ohio",Cleveland,"https://en.wikipedia.org/wiki/Cleveland,_Ohio"
"Cleveland, Oklahoma",Cleveland,"https://en.wikipedia.org/wiki/Cleveland,_Oklahoma"
"Cleveland, Tennessee",Cleveland,"https://en.wikipedia.org/wiki/Cleveland,_Tennessee"
"Cleveland, Texas",Cleveland,"https://en.wikipedia.org/wiki/Cleveland,_Texas"
"Cleveland, Utah",Cleveland,"https://en.wikipedia.org/wiki/Cleveland,_Utah"
"Cleveland, Virginia",Cleveland,"https://en.wikipedia.org/wiki/Cleveland,_Virginia"
"Cleveland, West Virginia",Cleveland,"https://en.wikipedia.org/wiki/Cleveland,_West_Virginia"
"Hudson, Colorado",Hudson,"https://en.wikipedia.org/wiki/Hudson,_Colorado"
"Hudson, Florida",Hudson,"https://en.wikipedia.org/wiki/Hudson,_Florida"
"Hudson, Illinois",Hudson,"https://en.wikipedia.org/wiki/Hudson,_Illinois"
"Hudson, Indiana",Hudson,"https://en.wikipedia.org/wiki/Hudson,_Indiana"
"Hudson, Iowa",Hudson,"https://en.wikipedia.org/wiki/Hudson,_Iowa"
"Hudson, Kansas",Hudson,"https://en.wikipedia.org/wiki/Hudson,_Kansas"
"Hudson, Kentucky",Hudson,"https://en.wikipedia.org/wiki/Hudson,_Kentucky"
"Hudson, Maine",Hudson,"https://en.wikipedia.org/wiki/Hudson,_Maine"
"Hudson, Massachusetts",Hudson,"https://en.wikipedia.org/wiki/Hudson,_Massachusetts"
"Hudson, Michigan",Hudson,"https://en.wikipedia.org/wiki/Hudson,_Michigan"
"Hudson, New Hampshire",Hudson,"https://en.wikipedia.org/wiki/Hudson,_New_Hampshire"
"Hudson, North Carolina",Hudson,"https://en.wikipedia.org/wiki/Hudson,_North_Carolina"
"Hudson, Ohio",Hudson,"https://en.wikipedia.org/wiki/Hudson,_Ohio"
"Hudson, South Dakota",Hudson,"https://en.wikipedia.org/wiki/Hudson,_South_Dakota"
"Hudson, Texas",Hudson,"https://en.wikipedia.org/wiki/Hudson,_Texas"
"Hudson, Wisconsin",Hudson,"https://en.wikipedia.org/wiki/Hudson,_Wisconsin"
"Hudson, Wyoming",Hudson,"https://en.wikipedia.org/wiki/Hudson,_Wyoming"
"Kingston, Georgia",Kingston,"https://en.wikipedia.org/wiki/Kingston,_Georgia"
"Kingston, Illinois",Kingston,"https://en.wikipedia.org/wiki/Kingston,_Illinois"
"Kingston, Massachusetts",Kingston,"https://en.wikipedia.org/wiki/Kingston,_Massachusetts"
"Kingston, Michigan",Kingston,"https://en.wikipedia.org/wiki/Kingston,_Michigan"
"Kingston, Minnesota",Kingston,"https://en.wikipedia.org/wiki/Kingston,_Minnesota"
"Kingston, Missouri",Kingston,"https://en.wikipedia.org/wiki/Kingston,_Missouri"
"Kingston, Nevada",Kingston,"https://en.wikipedia.org/wiki/Kingston,_Nevada"
"Kingston, New Hampshire",Kingston,"https://en.wikipedia.org/wiki/Kingston,_New_Hampshire"
"Kingston, New Jersey",Kingston,"https://en.wikipedia.org/wiki/Kingston,_New_Jersey"
"Kingston, New York",Kingston,"https://en.wikipedia.org/wiki/Kingston,_New_York"
"Kingston, Ohio",Kingston,"https://en.wikipedia.org/wiki/Kingston,_Ohio"
"Kingston, Oklahoma",Kingston,"https://en.wikipedia.org/wiki/Kingston,_Oklahoma"
"Kingston, Pennsylvania",Kingston,"https://en.wikipedia.org/wiki/Kingston,_Pennsylvania"
"Kingston, Rhode Island",Kingston,"https://en.wikipedia.org/wiki/Kingston,_Rhode_Island"
"Kingston, Tennessee",Kingston,"https://en.wikipedia.org/wiki/Kingston,_Tennessee"
"Kingston, Utah",Kingston,"https://en.wikipedia.org/wiki/Kingston,_Utah"
"Kingston, Washington",Kingston,"https://en.wikipedia.org/wiki/Kingston,_Washington"
"Kingston, Wisconsin",Kingston,"https://en.wikipedia.org/wiki/Kingston,_Wisconsin"
"Riverside, Alabama",Riverside,"https://en.wikipedia.org/wiki/Riverside,_Alabama"
"Riverside, California",Riverside,"https://en.wikipedia.org/wiki/Riverside,_California"
"Riverside, Illinois",Riverside,"https://en.wikipedia.org/wiki/Riverside,_Illinois"
"Riverside, Iowa",Riverside,"https://en.wikipedia.org/wiki/Riverside,_Iowa"
"Riverside, Missouri",Riverside,"https://en.wikipedia.org/wiki/Riverside,_Missouri"
"Riverside, Steuben County, New York",Riverside,"https://en.wikipedia.org/wiki/Riverside,_Steuben_County,_New_York"
"Riverside, Suffolk County, New York",Riverside,"https://en.wikipedia.org/wiki/Riverside,_Suffolk_County,_New_York"
"Riverside, Ohio",Riverside,"https://en.wikipedia.org/wiki/Riverside,_Ohio"
"Riverside, Umatilla County, Oregon",Riverside,"https://en.wikipedia.org/wiki/Riverside,_Umatilla_County,_Oregon"
"Riverside, Pennsylvania",Riverside,"https://en.wikipedia.org/wiki/Riverside,_Pennsylvania"
"Riverside, Rhode Island",Riverside,"https://en.wikipedia.org/wiki/Riverside,_Rhode_Island"
"Riverside, Texas",Riverside,"https://en.wikipedia.org/wiki/Riverside,_Texas"
"Riverside, Utah",Riverside,"https://en.wikipedia.org/wiki/Riverside,_Utah"
"Riverside, Washington",Riverside,"https://en.wikipedia.org/wiki/Riverside,_Washington"
"Riverside, Wyoming",Riverside,"https://en.wikipedia.org/wiki/Riverside,_Wyoming"
