"Washington, District of Columbia",Washington
"Washington, Arkansas",Washington
"Washington, Connecticut",Washington
"Washington, Georgia",Washington
"Washington, Illinois",Washington
"Washington Park, Illinois",Washington
"Washington, Indiana",Washington
"Washington, Iowa",Washington
"North Washington, Iowa",Washington
"Washington, Kansas",Washington
"Washington, Kentucky",Washington
"Mount Washington, Kentucky",Washington
"Washington, Louisiana",Washington
"Washington, Maine",Washington
"Washington, Massachusetts",Washington
"Mount Washington, Massachusetts",Washington
"Washington Grove, Maryland",Washington
"Washington, Michigan",Washington
"Washington, Mississippi",Washington
"Washington, Missouri",Washington
"Washington, Nebraska",Washington
"Washington, New Hampshire",Washington
"Washington, New Jersey",Washington
"Port Washington North, New York",Washington
"Washingtonville, New York",Washington
"Washington, North Carolina",Washington
"Washington Park, North Carolina",Washington
"Washington, Ohio",Washington
"Port Washington, Ohio",Washington
"Old Washington, Ohio",Washington
"Washingtonville, Ohio",Washington
"Washington Court House, Ohio",Washington
"Washington, Oklahoma",Washington
"Washington, Pennsylvania",Washington
"Washingtonville, Pennsylvania",Washington
"Washington-on-the-Brazos, Texas",Washington
"Washington, Utah",Washington
"Washington Terrace, Utah",Washington
"Washington, Vermont",Washington
"Washington, Virginia",Washington
"Washington, West Virginia",Washington
"Port Washington, Wisconsin",Washington
"Springfield, Arkansas",Springfield
"Springfield, Colorado",Springfield
"Springfield, Florida",Springfield
"Springfield, Georgia",Springfield
"Springfield, Illinois",Springfield
"Springfield, Kentucky",Springfield
"Springfield, Louisiana",Springfield
"Springfield, Maine",Springfield
"Springfield, Massachusetts",Springfield
"Springfield, Michigan",Springfield
"Springfield, Minnesota",Springfield
"Springfield, Missouri",Springfield
"Springfield, Nebraska",Springfield
"Springfield, New Hampshire",Springfield
"Springfield, New York",Springfield
"Springfield, New Jersey (Burlington County)",Springfield
"Springfield, New Jersey (Union County)",Springfield
"Springfield, Ohio",Springfield
"Springfield, Oregon",Springfield
"Springfield, South Carolina",Springfield
"Springfield, South Dakota",Springfield
"Springfield, Tennessee",Springfield
"Springfield, Vermont",Springfield
"Springfield, Virginia",Springfield
"Springfield, West Virginia",Springfield
"Springfield, Dane County, Wisconsin",Springfield
"Springfield, Wisconsin (Jackson County)",Springfield
"Springfield, Wisconsin (Marquette County)",Springfield
"Springfield, Wisconsin (St. Croix County)",Springfield
"Springfield, Walworth County, Wisconsin",Springfield
"Franklin, Alabama",Franklin
"Franklin, Arkansas",Franklin
"Franklin, Connecticut",Franklin
"Franklin, Georgia",Franklin
"Franklin, Idaho",Franklin
"Franklin, Illinois",Franklin
"Franklin, Indiana",Franklin
"Franklin, Iowa",Franklin
"Franklin, Kansas",Franklin
"Franklin, Kentucky",Franklin
"Franklin, Louisiana",Franklin
"Franklin, Maine",Franklin
"Franklin, Massachusetts",Franklin
"Franklin, Michigan",Franklin
"Franklin, Minnesota",Franklin
"Franklin, Missouri",Franklin
"Franklin, Nebraska",Franklin
"Franklin, New Hampshire",Franklin
"Franklin, New Jersey",Franklin
"Franklin, Delaware County, New York",Franklin
"Franklin, Franklin County, New York",Franklin
"Franklin, North Carolina",Franklin
"Franklin County, Ohio",Franklin
"Franklin, Ohio",Franklin
"Franklin, Cambria County, Pennsylvania",Franklin
"Franklin, Venango County, Pennsylvania",Franklin
"Franklin, Tennessee",Franklin
"Franklin, Texas",Franklin
"Franklin, Vermont",Franklin
"Franklin, Virginia",Franklin
"Franklin, West Virginia",Franklin
"Franklin, Milwaukee County, Wisconsin",Franklin
"Greenville, Alabama",Greenville
"Greenville, California",Greenville
"Greenville, Delaware",Greenville
"Greenville, Florida",Greenville
"Greenville, Georgia",Greenville
"Greenville, Illinois",Greenville
"Greenville, Indiana",Greenville
"Greenville, Iowa",Greenville
"Greenville, Kentucky",Greenville
"Greenville, Maine",Greenville
"Greenville, Massachusetts",Greenville
"Greenville, Michigan",Greenville
"Greenville, Mississippi",Greenville
"Greenville, Missouri",Greenville
"Greenville, New Hampshire",Greenville
"Greenville, New Jersey",Greenville
"Greenville, Orange County, New York",Greenville
"Greenville, Westchester County, New York",Greenville
"Greenville, Ohio",Greenville
"Greenville, Pennsylvania",Greenville
"Greenville, Rhode Island",Greenville
"Greenville, South Carolina",Greenville
"Greenville, Texas",Greenville
"Greenville, Utah",Greenville
"Greenville, Virginia",Greenville
"Greenville, Logan County, West Virginia",Greenville
"Greenville, Monroe County, West Virginia",Greenville
"Greenville, Wisconsin",Greenville
"Bristol, Colorado",Bristol
"Bristol, Connecticut",Bristol
"Bristol, Florida",Bristol
"Bristol, Georgia",Bristol
"Bristol, Illinois",Bristol
"Bristol, Indiana",Bristol
"Bristol, Louisiana",Bristol
"Bristol, Maryland",Bristol
"Bristol, Maine",Bristol
"Bristol, Michigan",Bristol
"Bristol, Nevada",Bristol
"Bristol, New Hampshire",Bristol
"Bristol, New York",Bristol
"Bristol, Ohio",Bristol
"Bristol, Pennsylvania",Bristol
"Bristol Township, Pennsylvania",Bristol
"Bristol, Rhode Island",Bristol
"Bristol, South Dakota",Bristol
"Bristol, Tennessee",Bristol
"Bristol, Texas",Bristol
"Bristol, Vermont",Bristol
"Bristol, Virginia",Bristol
"Bristol, Washington",Bristol
"Bristol, Dane County, Wisconsin",Bristol
"Bristol, Kenosha County, Wisconsin",Bristol
"Bristol, West Virginia",Bristol
"Clinton, Arkansas",Clinton
"Clinton, Connecticut",Clinton
"Clinton, Illinois",Clinton
"Clinton, Indiana",Clinton
"Clinton, Iowa",Clinton
"Clinton, Kentucky",Clinton
"Clinton, Louisiana",Clinton
"Clinton, Maine",Clinton
"Clinton, Maryland",Clinton
"Clinton, Massachusetts",Clinton
"Clinton, Macomb County, Michigan",Clinton
"Clinton, Lenawee County, Michigan",Clinton
"Clinton, Minnesota",Clinton
"Clinton, Mississippi",Clinton
"Clinton, Missouri",Clinton
"Clinton, Montana",Clinton
"Clinton, Nebraska",Clinton
"Clinton, New Jersey",Clinton
"Clinton, Clinton County, New York",Clinton
"Clinton, Dutchess County, New York",Clinton
"Clinton, Oneida County, New York",Clinton
"Clinton, Ohio",Clinton
"Clinton, Oklahoma",Clinton
"Clinton, South Carolina",Clinton
"Clinton, Tennessee",Clinton
"Clinton, Utah",Clinton
"Clinton, Washington",Clinton
"Fairview, Alabama",Fairview
"Fairview, California",Fairview
"Fairview, Georgia",Fairview
"Fairview, Illinois",Fairview
"Fairview, Kansas",Fairview
"Fairview, Christian County, Kentucky",Fairview
"Fairview, Kenton County, Kentucky",Fairview
"Fairview, Missouri",Fairview
"Fairview, Montana",Fairview
"Fairview, Bergen County, New Jersey",Fairview
"Fairview, Monmouth County, New Jersey",Fairview
"Fairview, Dutchess County, New York",Fairview
"Fairview, Westchester County, New York",Fairview
"Fairview, Ohio",Fairview
"Fairview, Oklahoma",Fairview
"Fairview, Oregon",Fairview
"Fairview, South Dakota",Fairview
"Fairview, Tennessee",Fairview
"Fairview, Texas",Fairview
"Fairview, Utah",Fairview
"Fairview, West Virginia",Fairview
"Fairview, Wyoming",Fairview
"Salem, Fulton County, Arkansas",Salem
"Salem, Saline County, Arkansas",Salem
"Salem, Connecticut",Salem
"Salem, Georgia",Salem
"Salem, Illinois",Salem
"Salem, Indiana",Salem
"Salem, Iowa",Salem
"Salem, Kentucky",Salem
"Salem, Massachusetts",Salem
"Salem, Michigan",Salem
"Salem, Missouri",Salem
"Salem, Nebraska",Salem
"Salem, New Hampshire",Salem
"Salem, New Jersey",Salem
"Salem, New Mexico",Salem
"Salem, New York",Salem
"Salem, North Carolina",Salem
"Salem, Ohio",Salem
"Salem, Oklahoma",Salem
"Salem, Oregon",Salem
"Salem, South Carolina",Salem
"Salem, South Dakota",Salem
"Salem, Utah",Salem
"Salem, Virginia",Salem
"Salem, West Virginia",Salem
"Salem, Kenosha County, Wisconsin",Salem
"Madison, Alabama",Madison
"Madison, Arkansas",Madison
"Madison, Connecticut",Madison
"Madison, Florida",Madison
"Madison, Georgia",Madison
"Madison, Illinois",Madison
"Madison, Indiana",Madison
"Madison, Kansas",Madison
"Madison, Maine",Madison
"Madison Heights, Michigan",Madison
"Madison, Minnesota",Madison
"Madison, Mississippi",Madison
"Madison, Missouri",Madison
"Madison, Nebraska",Madison
"Madison, New Hampshire",Madison
"Madison, New Jersey",Madison
"Madison, New York",Madison
"Madison, North Carolina",Madison
"Madison, Ohio",Madison
"Madison, Pennsylvania",Madison
"Madison, South Dakota",Madison
"Madison, Tennessee",Madison
"Madison, Virginia",Madison
"Madison, West Virginia",Madison
"Madison, Wisconsin",Madison
"Georgetown, Arkansas",Georgetown
"Georgetown, California",Georgetown
"Georgetown, Colorado",Georgetown
"Georgetown, Connecticut",Georgetown
"Georgetown, Delaware",Georgetown
"Georgetown, Chatham County, Georgia",Georgetown
"Georgetown, Quitman County, Georgia",Georgetown
"Georgetown, Idaho",Georgetown
"Georgetown, Illinois",Georgetown
"Georgetown, Floyd County, Indiana",Georgetown
"Georgetown, St. Joseph County, Indiana",Georgetown
"Georgetown, Kentucky",Georgetown
"Georgetown, Louisiana",Georgetown
"Georgetown, Maine",Georgetown
"Georgetown, Massachusetts",Georgetown
"Georgetown, Minnesota",Georgetown
"Georgetown, Mississippi",Georgetown
"Georgetown, New York",Georgetown
"Georgetown, Ohio",Georgetown
"Georgetown, Beaver County, Pennsylvania",Georgetown
"Georgetown, South Carolina",Georgetown
"Georgetown, Tennessee",Georgetown
"Georgetown, Texas",Georgetown
"Georgetown, Washington DC",Georgetown
"Arlington, Arizona",Arlington
"Arlington, Georgia",Arlington
"Arlington, Illinois",Arlington
"Arlington, Iowa",Arlington
"Arlington, Kansas",Arlington
"Arlington, Kentucky",Arlington
"Arlington, Massachusetts",Arlington
"Arlington, Minnesota",Arlington
"Arlington, Nebraska",Arlington
"Arlington, New York",Arlington
"Arlington, North Carolina",Arlington
"Arlington, Ohio",Arlington
"Arlington, Oregon",Arlington
"Arlington, South Dakota",Arlington
"Arlington, Tennessee",Arlington
"Arlington, Texas",Arlington
"Arlington, Vermont",Arlington
"Arlington, Northampton County, Virginia",Arlington
"Arlington, Washington",Arlington
"Arlington, Wisconsin",Arlington
"Arlington, Wyoming",Arlington
"Ashland, Alabama",Ashland
"Ashland, California",Ashland
"Ashland, Illinois",Ashland
"Ashland, Kansas",Ashland
"Ashland, Kentucky",Ashland
"Ashland, Maine",Ashland
"Ashland, Massachusetts",Ashland
"Ashland, Mississippi",Ashland
"Ashland, Missouri",Ashland
"Ashland, Montana",Ashland
"Ashland, Nebraska",Ashland
"Ashland, New Hampshire",Ashland
"Ashland, New Jersey",Ashland
"Ashland, Chemung County, New York",Ashland
"Ashland, Greene County, New York",Ashland
"Ashland, Ohio",Ashland
"Ashland, Oklahoma",Ashland
"Ashland, Oregon",Ashland
"Ashland, Pennsylvania",Ashland
"Ashland, Virginia",Ashland
"Ashland, Wisconsin",Ashland
"Dover, Arkansas",Dover
"Dover, Delaware",Dover
"Dover, Florida",Dover
"Dover, Idaho",Dover
"Dover, Illinois",Dover
"Dover, Kansas",Dover
"Dover, Kentucky",Dover
"Dover, Massachusetts",Dover
"Dover Township, Michigan (Lake County)",Dover
"Dover Township, Michigan (Lenawee County)",Dover
"Dover Township, Michigan (Otsego County)",Dover
"Dover, Minnesota",Dover
"Dover, Missouri",Dover
"Dover, New Hampshire",Dover
"Dover, New Jersey",Dover
"Dover, North Carolina",Dover
"Dover, Ohio",Dover
"Dover, Oklahoma",Dover
"Dover, Pennsylvania",Dover
"Dover, Tennessee",Dover
"Dover, Vermont",Dover
"Oxford, Alabama",Oxford
"Oxford, Arkansas",Oxford
"Oxford, Connecticut",Oxford
"Oxford, Florida",Oxford
"Oxford, Georgia",Oxford
"Oxford, Idaho",Oxford
"Oxford, Indiana",Oxford
"Oxford, Iowa",Oxford
"Oxford, Kansas",Oxford
"Oxford, Kentucky",Oxford
"Oxford, Maine",Oxford
"Oxford, Maryland",Oxford
"Oxford, Massachusetts",Oxford
"Oxford, Michigan",Oxford
"Oxford, Mississippi",Oxford
"Oxford, Missouri",Oxford
"Oxford, Nebraska",Oxford
"Oxford, New Jersey",Oxford
"Oxford, New York",Oxford
"Oxford, North Carolina",Oxford
"Oxford, Ohio",Oxford
"Oxford, Pennsylvania",Oxford
"Oxford, Wisconsin",Oxford
"Jackson, Alabama",Jackson
"Jackson, California",Jackson
"Jackson, Georgia",Jackson
"Jackson, Kentucky",Jackson
"Jackson, Louisiana",Jackson
"Jackson, Maine",Jackson
"Jackson, Michigan",Jackson
"Jackson, Minnesota",Jackson
"Jackson, Mississippi",Jackson
"Jackson, Missouri",Jackson
"Jackson, Montana",Jackson
"Jackson, Nebraska",Jackson
"Jackson, New Hampshire",Jackson
"Jackson, New Jersey",Jackson
"Jackson, New York",Jackson
"Jackson, North Carolina",Jackson
"Jackson, Ohio",Jackson
"Jackson, South Carolina",Jackson
"Fort Jackson, South Carolina",Jackson
"Jackson, Tennessee",Jackson
"Jackson, Wyoming",Jackson
"Burlington, Colorado",Burlington
"Burlington, Connecticut",Burlington
"Burlington, Illinois",Burlington
"Burlington, Indiana",Burlington
"Burlington, Iowa",Burlington
"Burlington, Kansas",Burlington
"Burlington, Kentucky",Burlington
"Burlington, Maine",Burlington
"Burlington, Massachusetts",Burlington
"Burlington, Michigan",Burlington
"Burlington, New Jersey",Burlington
"Burlington, New York",Burlington
"Burlington, North Carolina",Burlington
"Burlington, North Dakota",Burlington
"Burlington, Ohio",Burlington
"Burlington, Oklahoma",Burlington
"Burlington, Pennsylvania",Burlington
"Burlington, Vermont",Burlington
"Burlington, Washington",Burlington
"Burlington, Wisconsin",Burlington
"Burlington, Wyoming",Burlington
"Manchester, Connecticut",Manchester
"Manchester, Georgia",Manchester
"Manchester, Illinois",Manchester
"Manchester, Iowa",Manchester
"Manchester, Kansas",Manchester
"Manchester, Kentucky",Manchester
"Manchester, Maine",Manchester
"Manchester, Maryland",Manchester
"Manchester, Michigan",Manchester
"Manchester, Minnesota",Manchester
"Manchester, Missouri",Manchester
"Manchester, New Hampshire",Manchester
"Manchester, New Jersey",Manchester
"Manchester, New York",Manchester
"Manchester, Ohio",Manchester
"Manchester, Oklahoma",Manchester
"Manchester, Pennsylvania",Manchester
"Manchester, Tennessee",Manchester
"Manchester, Vermont",Manchester
"Manchester, Virginia",Manchester
"Manchester, Washington",Manchester
"Manchester, Massachusetts",Manchester
"Milton, Delaware",Milton
"Milton, Florida",Milton
"Milton, Georgia",Milton
"Milton, Illinois",Milton
"Milton, Indiana",Milton
"Milton, Iowa",Milton
"Milton, Kentucky",Milton
"Milton, Louisiana",Milton
"Milton, Massachusetts",Milton
"Milton, New Hampshire",Milton
"Milton, Saratoga County, New York",Milton
"Milton, Ulster County, New York",Milton
"Milton, North Carolina",Milton
"Milton, North Dakota",Milton
"Milton, Pennsylvania",Milton
"Milton, Tennessee",Milton
"Milton, Vermont",Milton
"Milton, Washington",Milton
"Milton, West Virginia",Milton
"Milton, Wisconsin",Milton
"Newport, Arkansas",Newport
"Newport, California",Newport
"Newport, Delaware",Newport
"Newport, Indiana",Newport
"Newport, Kentucky",Newport
"Newport, Maine",Newport
"Newport, Michigan",Newport
"Newport, Minnesota",Newport
"Newport, Nebraska",Newport
"Newport, New Hampshire",Newport
"Newport, New York",Newport
"Newport, North Carolina",Newport
"Newport, Oregon",Newport
"Newport, Pennsylvania",Newport
"Newport, Rhode Island",Newport
"Newport, South Carolina",Newport
"Newport, Tennessee",Newport
"Newport, Vermont",Newport
"Newport, Washington",Newport
"Auburn, Alabama",Auburn
"Auburn, California",Auburn
"Auburn, Georgia",Auburn
"Auburn, Illinois",Auburn
"Auburn, Indiana",Auburn
"Auburn, Iowa",Auburn
"Auburn, Kansas",Auburn
"Auburn, Kentucky",Auburn
"Auburn, Maine",Auburn
"Auburn, Massachusetts",Auburn
"Auburn, Michigan",Auburn
"Auburn, Nebraska",Auburn
"Auburn, New Hampshire",Auburn
"Auburn, New York",Auburn
"Auburn Township, Geauga County, Ohio",Auburn
"Auburn, Pennsylvania",Auburn
"Auburn, Washington",Auburn
"Auburn, West Virginia",Auburn
"Auburn, Wyoming",Auburn
"Centerville, Georgia",Centerville
"Centerville, Indiana",Centerville
"Centerville, Iowa",Centerville
"Centerville, Massachusetts",Centerville
"Centerville, Minnesota",Centerville
"Centerville, Missouri",Centerville
"Centerville, North Carolina",Centerville
"Centerville, Gallia County, Ohio",Centerville
"Centerville, Montgomery County, Ohio",Centerville
"Centerville, Crawford County, Pennsylvania",Centerville
"Centerville, Washington County, Pennsylvania",Centerville
"Centerville, South Carolina",Centerville
"Centerville, South Dakota",Centerville
"Centerville, Tennessee",Centerville
"Centerville, Texas",Centerville
"Centerville, Utah",Centerville
"Centerville, Washington",Centerville
"Clayton, Alabama",Clayton
"Clayton, California",Clayton
"Clayton, Delaware",Clayton
"Clayton, Georgia",Clayton
"Clayton, Idaho",Clayton
"Clayton, Illinois",Clayton
"Clayton, Indiana",Clayton
"Clayton, Iowa",Clayton
"Clayton, Kansas",Clayton
"Clayton, Louisiana",Clayton
"Clayton, Michigan",Clayton
"Clayton, Missouri",Clayton
"Clayton, New Jersey",Clayton
"Clayton, New Mexico",Clayton
"Clayton, New York",Clayton
"Clayton, North Carolina",Clayton
"Clayton, Ohio",Clayton
"Clayton, Oklahoma",Clayton
"Clayton, Washington",Clayton
"Dayton, Alabama",Dayton
"Dayton, Idaho",Dayton
"Dayton, Indiana",Dayton
"Dayton, Iowa",Dayton
"Dayton, Kentucky",Dayton
"Dayton, Maine",Dayton
"Dayton, Minnesota",Dayton
"Dayton, Missouri",Dayton
"Dayton, Montana",Dayton
"Dayton, Nevada",Dayton
"Dayton, New Jersey",Dayton
"Dayton, New York",Dayton
"Dayton, Ohio",Dayton
"Dayton, Oregon",Dayton
"Dayton, Pennsylvania",Dayton
"Dayton, Tennessee",Dayton
"Dayton, Texas",Dayton
"Dayton, Virginia",Dayton
"Dayton, Washington",Dayton
"Dayton, Wyoming",Dayton
"Lexington, Alabama",Lexington
"Lexington, Georgia",Lexington
"Lexington, Illinois",Lexington
"Lexington, Kentucky",Lexington
"Lexington, Massachusetts",Lexington
"Lexington, Michigan",Lexington
"Lexington, Minnesota",Lexington
"Lexington, Mississippi",Lexington
"Lexington, Missouri",Lexington
"Lexington, Nebraska",Lexington
"Lexington, New York",Lexington
"Lexington, Ohio",Lexington
"Lexington, Oklahoma",Lexington
"Lexington, Oregon",Lexington
"Lexington, South Carolina",Lexington
"Lexington, Tennessee",Lexington
"Lexington, Texas",Lexington
"Lexington, Virginia",Lexington
"Milford, Connecticut",Milford
"Milford, Delaware",Milford
"Milford, Illinois",Milford
"Milford, Kosciusko County, Indiana",Milford
"Milford, Iowa",Milford
"Milford, Kansas",Milford
"Milford, Kentucky",Milford
"Milford, Maine",Milford
"Milford, Massachusetts",Milford
"Milford, Michigan",Milford
"Milford, Missouri",Milford
"Milford, Nebraska",Milford
"Milford, New Hampshire",Milford
"Milford, New Jersey",Milford
"Milford, New York",Milford
"Milford, Ohio",Milford
"Milford, Pennsylvania",Milford
"Milford, Texas",Milford
"Milford, Utah",Milford
"Mount Vernon, Alabama",Mount Vernon
"Mount Vernon, Arkansas",Mount Vernon
"Mount Vernon, Georgia",Mount Vernon
"Mount Vernon, Illinois",Mount Vernon
"Mount Vernon, Indiana",Mount Vernon
"Mount Vernon, Iowa",Mount Vernon
"Mount Vernon, Kentucky",Mount Vernon
"Mount Vernon, Maine",Mount Vernon
"Mount Vernon, Maryland",Mount Vernon
"Mount Vernon, Missouri",Mount Vernon
"Mount Vernon, New Hampshire",Mount Vernon
"Mount Vernon, New York",Mount Vernon
"Mount Vernon, Ohio",Mount Vernon
"Mount Vernon, Oregon",Mount Vernon
"Mount Vernon, South Dakota",Mount Vernon
"Mount Vernon, Texas",Mount Vernon
"Mount Vernon, Virginia",Mount Vernon
"Mount Vernon, Washington",Mount Vernon
"Oakland, California",Oakland
"Oakland, Florida",Oakland
"Oakland, Illinois",Oakland
"Oakland, Iowa",Oakland
"Oakland, Kentucky",Oakland
"Oakland, Maine",Oakland
"Oakland, Maryland",Oakland
"Oakland Township, Michigan (Oakland County)",Oakland
"Oakland, Mississippi",Oakland
"Oakland, Missouri",Oakland
"Oakland, Nebraska",Oakland
"Oakland, New Jersey",Oakland
"Oakland, Ohio",Oakland
"Oakland, Oklahoma",Oakland
"Oakland, Oregon",Oakland
"Oakland, Lawrence County, Pennsylvania",Oakland
"Oakland, Susquehanna County, Pennsylvania",Oakland
"Oakland, South Carolina",Oakland
"Oakland, Tennessee",Oakland
"Winchester, Arkansas",Winchester
"Winchester, California",Winchester
"Winchester, Connecticut",Winchester
"Winchester, Idaho",Winchester
"Winchester, Illinois",Winchester
"Winchester, Iowa",Winchester
"Winchester, Indiana",Winchester
"Winchester, Kansas",Winchester
"Winchester, Kentucky",Winchester
"Winchester, Massachusetts",Winchester
"Winchester, Missouri",Winchester
"Winchester, Nevada",Winchester
"Winchester, New Hampshire",Winchester
"Winchester, Ohio",Winchester
"Winchester, Oklahoma",Winchester
"Winchester, Tennessee",Winchester
"Winchester, Texas",Winchester
"Winchester, Virginia",Winchester
"Winchester, Wyoming",Winchester
"Cleveland, Alabama",Cleveland
"Cleveland, Florida",Cleveland
"Cleveland, Georgia",Cleveland
"Cleveland, Illinois",Cleveland
"Cleveland, Minnesota",Cleveland
"Cleveland, Mississippi",Cleveland
"Cleveland, Missouri",Cleveland
"Cleveland, New York",Cleveland
"Cleveland, North Carolina",Cleveland
"Cleveland, North Dakota",Cleveland
"Cleveland, Ohio",Cleveland
"Cleveland, Oklahoma",Cleveland
"Cleveland, Tennessee",Cleveland
"Cleveland, Texas",Cleveland
"Cleveland, Utah",Cleveland
"Cleveland, Virginia",Cleveland
"Cleveland, West Virginia",Cleveland
"Hudson, Colorado",Hudson
"Hudson, Florida",Hudson
"Hudson, Illinois",Hudson
"Hudson, Indiana",Hudson
"Hudson, Iowa",Hudson
"Hudson, Kansas",Hudson
"Hudson, Kentucky",Hudson
"Hudson, Maine",Hudson
"Hudson, Massachusetts",Hudson
"Hudson, Michigan",Hudson
"Hudson, New Hampshire",Hudson
"Hudson, North Carolina",Hudson
"Hudson, Ohio",Hudson
"Hudson, South Dakota",Hudson
"Hudson, Texas",Hudson
"Hudson, Wisconsin",Hudson
"Hudson, Wyoming",Hudson
"Kingston, Georgia",Kingston
"Kingston, Idaho",Kingston
"Kingston, Illinois",Kingston
"Kingston, Massachusetts",Kingston
"Kingston, Michigan",Kingston
"Kingston, Minnesota",Kingston
"Kingston, Missouri",Kingston
"Kingston, Nevada",Kingston
"Kingston, New Hampshire",Kingston
"Kingston, New Jersey",Kingston
"Kingston, New York",Kingston
"Kingston, Ohio",Kingston
"Kingston, Oklahoma",Kingston
"Kingston, Pennsylvania",Kingston
"Kingston, Rhode Island",Kingston
"Kingston, Tennessee",Kingston
"Kingston, Utah",Kingston
"Kingston, Washington",Kingston
"Kingston, Wisconsin",Kingston
"Riverside, Alabama",Riverside
"Riverside, California",Riverside
"Riverside, Illinois",Riverside
"Riverside, Iowa",Riverside
"Riverside, Missouri",Riverside
"Riverside, Steuben County, New York",Riverside
"Riverside, Suffolk County, New York",Riverside
"Riverside, Ohio",Riverside
"Riverside, Umatilla County, Oregon",Riverside
"Riverside, Pennsylvania",Riverside
"Riverside, Rhode Island",Riverside
"Riverside, Texas",Riverside
"Riverside, Utah",Riverside
"Riverside, Washington",Riverside
"Riverside, Wyoming",Riverside
